id,year,percent,majortopic,Congress
1,1946,,1,79
2,1947,0.347958,1,80
3,1948,0.221154,1,80
4,1949,0.288126,1,81
5,1950,0.233645,1,81
6,1951,0.228571,1,82
7,1952,0.214286,1,82
8,1953,,1,83
9,1954,0.333333,1,83
10,1955,,1,84
11,1956,0.153005,1,84
12,1957,0.214514,1,85
13,1958,0.223665,1,85
14,1959,0.225399,1,86
15,1960,0.126343,1,86
16,1961,0.178629,1,87
17,1962,0.162725,1,87
18,1963,0.122066,1,88
19,1964,0.0897436,1,88
20,1965,0.063281,1,89
21,1966,0.153348,1,89
22,1967,0.108434,1,90
23,1968,0.0738494,1,90
24,1969,0.0694444,1,91
25,1970,0.117851,1,91
26,1971,0.280778,1,92
27,1972,0.241135,1,92
28,1973,0.386482,1,93
29,1974,0.563478,1,93
30,1975,0.596859,1,94
31,1976,0.555344,1,94
32,1977,0.453159,1,95
33,1978,0.599662,1,95
34,1979,0.507661,1,96
35,1980,0.563124,1,96
36,1981,0.69208,1,97
37,1982,0.787798,1,97
38,1983,0.612119,1,98
39,1984,0.527975,1,98
40,1985,0.448276,1,99
41,1986,0.374468,1,99
42,1987,0.313726,1,100
43,1988,0.33,1,100
44,1989,0.234375,1,101
45,1990,0.322539,1,101
46,1991,0.401276,1,102
47,1992,0.505342,1,102
48,1993,0.460902,1,103
49,1994,0.224404,1,103
50,1995,0.297101,1,104
51,1996,0.316416,1,104
52,1997,0.212364,1,105
53,1998,0.168942,1,105
54,1999,0.114541,1,106
55,2000,0.13814,1,106
56,2001,0.219932,1,107
57,2002,0.251848,1,107
58,2003,0.335164,1,108
59,2004,0.276278,1,108
60,2005,0.192051,1,109
61,2006,0.151111,1,109
62,2007,0.13587,1,110
63,2008,0.397258,1,110
64,2009,0.526982,1,111
65,2010,0.480118,1,111
66,2011,0.532516,1,112
67,2012,0.518317,1,112
68,2013,0.43593601,1,113
69,2014,0.33802654,1,113
70,2015,0.248503698,1,114
71,2016,0.262686263,1,114
72,2017,0.162685985,1,115
73,1946,,2,79
74,1947,0.00605144,2,80
75,1948,0.0224359,2,80
76,1949,0.0540236,2,81
77,1950,0.140187,2,81
78,1951,0.0285714,2,82
79,1952,0.0892857,2,82
80,1953,,2,83
81,1954,0.166667,2,83
82,1955,,2,84
83,1956,0.151366,2,84
84,1957,0.165869,2,85
85,1958,0.114329,2,85
86,1959,0.0681245,2,86
87,1960,0.0718785,2,86
88,1961,0.0561252,2,87
89,1962,0.0810811,2,87
90,1963,0.488263,2,88
91,1964,0.423611,2,88
92,1965,0.278649,2,89
93,1966,0.205184,2,89
94,1967,0.138554,2,90
95,1968,0.224402,2,90
96,1969,0.282407,2,91
97,1970,0.282496,2,91
98,1971,0.151188,2,92
99,1972,0.114894,2,92
100,1973,0.0970537,2,93
101,1974,0.0347826,2,93
102,1975,0.0680628,2,94
103,1976,0.0496183,2,94
104,1977,0.0631808,2,95
105,1978,0.0506757,2,95
106,1979,0.0512097,2,96
107,1980,0.0478353,2,96
108,1981,0.0458919,2,97
109,1982,0.0291777,2,97
110,1983,0.0442282,2,98
111,1984,0.0400454,2,98
112,1985,0.0344828,2,99
113,1986,0.0297872,2,99
114,1987,0.0470588,2,100
115,1988,0,2,100
116,1989,0.0435606,2,101
117,1990,0.0362694,2,101
118,1991,0.0347927,2,102
119,1992,0.0491453,2,102
120,1993,0.0441582,2,103
121,1994,0.0412106,2,103
122,1995,0.057971,2,104
123,1996,0.0761301,2,104
124,1997,0.0870063,2,105
125,1998,0.0682594,2,105
126,1999,0.018684,2,106
127,2000,0.0310853,2,106
128,2001,0.0256144,2,107
129,2002,0.0132345,2,107
130,2003,0.0110451,2,108
131,2004,0.0159493,2,108
132,2005,0.0160447,2,109
133,2006,0.0148325,2,109
134,2007,0.0116222,2,110
135,2008,0.012589,2,110
136,2009,0.014191,2,111
137,2010,0.011379,2,111
138,2011,0.014538,2,112
139,2012,0.01485,2,112
140,2013,0.011613448,2,113
141,2014,0.030023312,2,113
142,2015,0.053109255,2,114
143,2016,0.06434268,2,114
144,2017,0.058357229,2,115
145,1946,,3,79
146,1947,0,3,80
147,1948,0,3,80
148,1949,0.00168824,3,81
149,1950,0.00233645,3,81
150,1951,0,3,82
151,1952,0,3,82
152,1953,,3,83
153,1954,0,3,83
154,1955,,3,84
155,1956,0,3,84
156,1957,0.00318979,3,85
157,1958,0,3,85
158,1959,0,3,86
159,1960,0,3,86
160,1961,0,3,87
161,1962,0,3,87
162,1963,0,3,88
163,1964,0,3,88
164,1965,0,3,89
165,1966,0,3,89
166,1967,0,3,90
167,1968,0.000356761,3,90
168,1969,0.00462963,3,91
169,1970,0.0121317,3,91
170,1971,0,3,92
171,1972,0,3,92
172,1973,0.0034662,3,93
173,1974,0,3,93
174,1975,0,3,94
175,1976,0.0114504,3,94
176,1977,0.00653595,3,95
177,1978,0.00168919,3,95
178,1979,0.00282258,3,96
179,1980,0.00121102,3,96
180,1981,0,3,97
181,1982,0,3,97
182,1983,0,3,98
183,1984,0.0056802,3,98
184,1985,0.0316092,3,99
185,1986,0.0340426,3,99
186,1987,0.118768,3,100
187,1988,0,3,100
188,1989,0.346591,3,101
189,1990,0.194948,3,101
190,1991,0.117715,3,102
191,1992,0.0603632,3,102
192,1993,0.165593,3,103
193,1994,0.171603,3,103
194,1995,0.0640097,3,104
195,1996,0.0563045,3,104
196,1997,0.0646823,3,105
197,1998,0.0827645,3,105
198,1999,0.0698619,3,106
199,2000,0.0965133,3,106
200,2001,0.0564077,3,107
201,2002,0.0424261,3,107
202,2003,0.06124,3,108
203,2004,0.0778418,3,108
204,2005,0.0608832,3,109
205,2006,0.0568857,3,109
206,2007,0.0813977,3,110
207,2008,0.054918,3,110
208,2009,0.106596,3,111
209,2010,0.086434,3,111
210,2011,0.053268,3,112
211,2012,0.050035,3,112
212,2013,0.079355254,3,113
213,2014,0.081899423,3,113
214,2015,0.047629944,3,114
215,2016,0.046596189,3,114
216,2017,0.084011755,3,115
217,1946,,4,79
218,1947,0.0363086,4,80
219,1948,0,4,80
220,1949,0.000562746,4,81
221,1950,0.00934579,4,81
222,1951,0,4,82
223,1952,0.00223214,4,82
224,1953,,4,83
225,1954,0,4,83
226,1955,,4,84
227,1956,0.0546448,4,84
228,1957,0.0223285,4,85
229,1958,0.00798802,4,85
230,1959,0.00336417,4,86
231,1960,0.0150056,4,86
232,1961,0.00701565,4,87
233,1962,0.0112613,4,87
234,1963,0.00234742,4,88
235,1964,0.00240385,4,88
236,1965,0.00265887,4,89
237,1966,0,4,89
238,1967,0.00301205,4,90
239,1968,0.00463789,4,90
240,1969,0,4,91
241,1970,0,4,91
242,1971,0,4,92
243,1972,0,4,92
244,1973,0.00519931,4,93
245,1974,0.00521739,4,93
246,1975,0.0026178,4,94
247,1976,0.00572519,4,94
248,1977,0.00217865,4,95
249,1978,0.00168919,4,95
250,1979,0,4,96
251,1980,0,4,96
252,1981,0,4,97
253,1982,0,4,97
254,1983,0,4,98
255,1984,0.00170406,4,98
256,1985,0.00862069,4,99
257,1986,0.0170213,4,99
258,1987,0.00448179,4,100
259,1988,0,4,100
260,1989,0,4,101
261,1990,0,4,101
262,1991,0,4,102
263,1992,0,4,102
264,1993,0,4,103
265,1994,0,4,103
266,1995,0,4,104
267,1996,0,4,104
268,1997,0,4,105
269,1998,0,4,105
270,1999,0,4,106
271,2000,0,4,106
272,2001,0,4,107
273,2002,0,4,107
274,2003,0,4,108
275,2004,0,4,108
276,2005,0,4,109
277,2006,0,4,109
278,2007,0,4,110
279,2008,0,4,110
280,2009,0,4,111
281,2010,0,4,111
282,2011,0,4,112
283,2012,0,4,112
284,2013,0,4,113
285,2014,0,4,113
286,2015,0,4,114
287,2016,0,4,114
288,2017,0,4,115
289,1946,,5,79
290,1947,0.0544629,5,80
291,1948,0.0352564,5,80
292,1949,0.0517727,5,81
293,1950,0.0397196,5,81
294,1951,0,5,82
295,1952,0.0446429,5,82
296,1953,,5,83
297,1954,0.0175439,5,83
298,1955,,5,84
299,1956,0.0174863,5,84
300,1957,0.0151044,5,85
301,1958,0.00500579,5,85
302,1959,0.0357744,5,86
303,1960,0.010149,5,86
304,1961,0.00701565,5,87
305,1962,0.00900901,5,87
306,1963,0.00938967,5,88
307,1964,0.00303559,5,88
308,1965,0.0121442,5,89
309,1966,0.0161963,5,89
310,1967,0.0045811,5,90
311,1968,0.00213258,5,90
312,1969,0.00462963,5,91
313,1970,0.0138648,5,91
314,1971,0.0151188,5,92
315,1972,0.00851064,5,92
316,1973,0.0103986,5,93
317,1974,0.00521739,5,93
318,1975,0.0052356,5,94
319,1976,0.0019084,5,94
320,1977,0.0087146,5,95
321,1978,0.0152027,5,95
322,1979,0.00690524,5,96
323,1980,0.00917763,5,96
324,1981,0.00183698,5,97
325,1982,0,5,97
326,1983,0,5,98
327,1984,0.00420957,5,98
328,1985,0,5,99
329,1986,0,5,99
330,1987,0.00349365,5,100
331,1988,0,5,100
332,1989,0,5,101
333,1990,0,5,101
334,1991,0,5,102
335,1992,0,5,102
336,1993,0.00226767,5,103
337,1994,0.00351517,5,103
338,1995,0.0047367,5,104
339,1996,0.00976849,5,104
340,1997,0,5,105
341,1998,0,5,105
342,1999,0,5,106
343,2000,0.0061844,5,106
344,2001,0.0051831,5,107
345,2002,0.00459309,5,107
346,2003,0.00312989,5,108
347,2004,0.00459833,5,108
348,2005,0.00802792,5,109
349,2006,0.00685383,5,109
350,2007,0.00612592,5,110
351,2008,0.00573042,5,110
352,2009,0.00274342,5,111
353,2010,0.00306267,5,111
354,2011,0.00341008,5,112
355,2012,0.00583475,5,112
356,2013,0.005890963,5,113
357,2014,0.01165035,5,113
358,2015,0.010204415,5,114
359,2016,0.009187498,5,114
360,2017,0.007298052,5,115
361,1946,,6,79
362,1947,0,6,80
363,1948,0,6,80
364,1949,0.00281373,6,81
365,1950,0.00233645,6,81
366,1951,0,6,82
367,1952,0.00223214,6,82
368,1953,,6,83
369,1954,0,6,83
370,1955,,6,84
371,1956,0.0153005,6,84
372,1957,0.015949,6,85
373,1958,0.017973,6,85
374,1959,0.00336417,6,86
375,1960,0.0105595,6,86
376,1961,0.00701565,6,87
377,1962,0.00506757,6,87
378,1963,0,6,88
379,1964,0.00774573,6,88
380,1965,0.011699,6,89
381,1966,0.00647948,6,89
382,1967,0.0060241,6,90
383,1968,0.00856225,6,90
384,1969,0.00925926,6,91
385,1970,0.00866551,6,91
386,1971,0.0107991,6,92
387,1972,0.012766,6,92
388,1973,0.00693241,6,93
389,1974,0.00347826,6,93
390,1975,0.0026178,6,94
391,1976,0.00381679,6,94
392,1977,0.0087146,6,95
393,1978,0.00844595,6,95
394,1979,0.00403226,6,96
395,1980,0.00242204,6,96
396,1981,0.000740192,6,97
397,1982,0,6,97
398,1983,0,6,98
399,1984,0.00681625,6,98
400,1985,0,6,99
401,1986,0,6,99
402,1987,0.00672269,6,100
403,1988,0,6,100
404,1989,0.0113636,6,101
405,1990,0.0181347,6,101
406,1991,0.038272,6,102
407,1992,0.0320513,6,102
408,1993,0.0331187,6,103
409,1994,0.0193175,6,103
410,1995,0.0289855,6,104
411,1996,0.0444092,6,104
412,1997,0.0641099,6,105
413,1998,0.0887372,6,105
414,1999,0.100731,6,106
415,2000,0.0984811,6,106
416,2001,0.0752306,6,107
417,2002,0.0404035,6,107
418,2003,0.0360125,6,108
419,2004,0.0337427,6,108
420,2005,0.0318222,6,109
421,2006,0.0309053,6,109
422,2007,0.0300144,6,110
423,2008,0.018169,6,110
424,2009,0.016506,6,111
425,2010,0.019677,6,111
426,2011,0.023161,6,112
427,2012,0.027332,6,112
428,2013,0.029404079,6,113
429,2014,0.034273919,6,113
430,2015,0.040132403,6,114
431,2016,0.028769113,6,114
432,2017,0.025662302,6,115
433,1946,,7,79
434,1947,0,7,80
435,1948,0,7,80
436,1949,0,7,81
437,1950,0,7,81
438,1951,0,7,82
439,1952,0,7,82
440,1953,,7,83
441,1954,0,7,83
442,1955,,7,84
443,1956,0,7,84
444,1957,0,7,85
445,1958,0,7,85
446,1959,0,7,86
447,1960,0,7,86
448,1961,0,7,87
449,1962,0,7,87
450,1963,0,7,88
451,1964,0,7,88
452,1965,0,7,89
453,1966,0,7,89
454,1967,0,7,90
455,1968,0,7,90
456,1969,0,7,91
457,1970,0.0329289,7,91
458,1971,0.0388769,7,92
459,1972,0.0283688,7,92
460,1973,0.0259965,7,93
461,1974,0.00695652,7,93
462,1975,0.0078534,7,94
463,1976,0.00572519,7,94
464,1977,0.0152505,7,95
465,1978,0.00675676,7,95
466,1979,0.00564516,7,96
467,1980,0.00121102,7,96
468,1981,0.00148038,7,97
469,1982,0,7,97
470,1983,0.00176913,7,98
471,1984,0.00681625,7,98
472,1985,0,7,99
473,1986,0,7,99
474,1987,0.00448179,7,100
475,1988,0,7,100
476,1989,0.0378788,7,101
477,1990,0.0440415,7,101
478,1991,0.0173963,7,102
479,1992,0.034188,7,102
480,1993,0.0110396,7,103
481,1994,0.00547328,7,103
482,1995,0.00241546,7,104
483,1996,0.00713719,7,104
484,1997,0.0137378,7,105
485,1998,0.0102389,7,105
486,1999,0.0129976,7,106
487,2000,0.0155106,7,106
488,2001,0.0222072,7,107
489,2002,0.0141245,7,107
490,2003,0.00946563,7,108
491,2004,0.011149,7,108
492,2005,0.00953678,7,109
493,2006,0.0132285,7,109
494,2007,0.0193441,7,110
495,2008,0.01172,7,110
496,2009,0.011916,7,111
497,2010,0.01128,7,111
498,2011,0.00742,7,112
499,2012,0.008328,7,112
500,2013,0.00834939,7,113
501,2014,0.010754082,7,113
502,2015,0.019670136,7,114
503,2016,0.014417939,7,114
504,2017,0.020534708,7,115
505,1946,,8,79
506,1947,0.00302572,8,80
507,1948,0,8,80
508,1949,0.00225098,8,81
509,1950,0,8,81
510,1951,0,8,82
511,1952,0,8,82
512,1953,,8,83
513,1954,0,8,83
514,1955,,8,84
515,1956,0,8,84
516,1957,0.00318979,8,85
517,1958,0,8,85
518,1959,0,8,86
519,1960,0,8,86
520,1961,0,8,87
521,1962,0,8,87
522,1963,0,8,88
523,1964,0,8,88
524,1965,0,8,89
525,1966,0,8,89
526,1967,0,8,90
527,1968,0,8,90
528,1969,0,8,91
529,1970,0,8,91
530,1971,0,8,92
531,1972,0,8,92
532,1973,0.0121317,8,93
533,1974,0.10087,8,93
534,1975,0.0575916,8,94
535,1976,0.0209924,8,94
536,1977,0.12854,8,95
537,1978,0.0810811,8,95
538,1979,0.200403,8,96
539,1980,0.071753,8,96
540,1981,0.0451517,8,97
541,1982,0.0056366,8,97
542,1983,0.00530739,8,98
543,1984,0.00198807,8,98
544,1985,0,8,99
545,1986,0,8,99
546,1987,0,8,100
547,1988,0,8,100
548,1989,0,8,101
549,1990,0.0103627,8,101
550,1991,0.00260945,8,102
551,1992,0,8,102
552,1993,0,8,103
553,1994,0,8,103
554,1995,0,8,104
555,1996,0,8,104
556,1997,0,8,105
557,1998,0,8,105
558,1999,0,8,106
559,2000,0.0290623,8,106
560,2001,0.0369592,8,107
561,2002,0.00835236,8,107
562,2003,0.00907243,8,108
563,2004,0.0177609,8,108
564,2005,0.050466,8,109
565,2006,0.0720766,8,109
566,2007,0.0416619,8,110
567,2008,0.090888,8,110
568,2009,0.012042,8,111
569,2010,0.013929,8,111
570,2011,0.025446,8,112
571,2012,0.02216,8,112
572,2013,0.005845992,8,113
573,2014,0.007661427,8,113
574,2015,0.004148561,8,114
575,2016,0.005912749,8,114
576,2017,0.004945446,8,115
577,1946,,9,79
578,1947,0,9,80
579,1948,0,9,80
580,1949,0,9,81
581,1950,0,9,81
582,1951,0,9,82
583,1952,0,9,82
584,1953,,9,83
585,1954,0,9,83
586,1955,,9,84
587,1956,0,9,84
588,1957,0.00164204,9,85
589,1958,0.000985222,9,85
590,1959,0.00123153,9,86
591,1960,0.000410509,9,86
592,1961,0,9,87
593,1962,0,9,87
594,1963,0,9,88
595,1964,0.00070373,9,88
596,1965,0.000618429,9,89
597,1966,0.00108225,9,89
598,1967,0.001443,9,90
599,1968,0.000721501,9,90
600,1969,0,9,91
601,1970,0,9,91
602,1971,0,9,92
603,1972,0,9,92
604,1973,0,9,93
605,1974,0,9,93
606,1975,0,9,94
607,1976,0,9,94
608,1977,0,9,95
609,1978,0,9,95
610,1979,0.0015625,9,96
611,1980,0.00111607,9,96
612,1981,0.00260417,9,97
613,1982,0,9,97
614,1983,0,9,98
615,1984,0.00147063,9,98
616,1985,0.00131752,9,99
617,1986,0,9,99
618,1987,0.000988142,9,100
619,1988,0,9,100
620,1989,0,9,101
621,1990,0,9,101
622,1991,0.000494071,9,102
623,1992,0,9,102
624,1993,0.00877193,9,103
625,1994,0.00292398,9,103
626,1995,0.0097561,9,104
627,1996,0.00926401,9,104
628,1997,0.0204776,9,105
629,1998,0.0157304,9,105
630,1999,0.00701558,9,106
631,2000,0.0088646,9,106
632,2001,0.0154845,9,107
633,2002,0.0170912,9,107
634,2003,0.0111,9,108
635,2004,0.0143502,9,108
636,2005,0.027752,9,109
637,2006,0.0670726,9,109
638,2007,0.0688087,9,110
639,2008,0.0318953,9,110
640,2009,0.0122263,9,111
641,2010,0.0322873,9,111
642,2011,0.0260122,9,112
643,2012,0.0209647,9,112
644,2013,0.029567893,9,113
645,2014,0.065634328,9,113
646,2015,0.062673979,9,114
647,2016,0.050940618,9,114
648,2017,0.059061341,9,115
649,1946,,10,79
650,1947,0,10,80
651,1948,0,10,80
652,1949,0,10,81
653,1950,0.00233645,10,81
654,1951,0,10,82
655,1952,0.00223214,10,82
656,1953,,10,83
657,1954,0,10,83
658,1955,,10,84
659,1956,0.0010929,10,84
660,1957,0,10,85
661,1958,0,10,85
662,1959,0,10,86
663,1960,0,10,86
664,1961,0,10,87
665,1962,0,10,87
666,1963,0,10,88
667,1964,0.00160256,10,88
668,1965,0,10,89
669,1966,0,10,89
670,1967,0,10,90
671,1968,0,10,90
672,1969,0,10,91
673,1970,0,10,91
674,1971,0,10,92
675,1972,0,10,92
676,1973,0,10,93
677,1974,0,10,93
678,1975,0,10,94
679,1976,0,10,94
680,1977,0,10,95
681,1978,0,10,95
682,1979,0.00120968,10,96
683,1980,0.00060551,10,96
684,1981,0,10,97
685,1982,0,10,97
686,1983,0,10,98
687,1984,0,10,98
688,1985,0,10,99
689,1986,0,10,99
690,1987,0,10,100
691,1988,0,10,100
692,1989,0,10,101
693,1990,0,10,101
694,1991,0,10,102
695,1992,0,10,102
696,1993,0,10,103
697,1994,0,10,103
698,1995,0,10,104
699,1996,0,10,104
700,1997,0,10,105
701,1998,0,10,105
702,1999,0,10,106
703,2000,0,10,106
704,2001,0,10,107
705,2002,0,10,107
706,2003,0,10,108
707,2004,0,10,108
708,2005,0,10,109
709,2006,0,10,109
710,2007,0,10,110
711,2008,0,10,110
712,2009,0,10,111
713,2010,0,10,111
714,2011,0,10,112
715,2012,0,10,112
716,2013,0,10,113
717,2014,0,10,113
718,2015,0,10,114
719,2016,0,10,114
720,2017,0.000385208,10,115
721,1946,,12,79
722,1947,0.00075643,12,80
723,1948,0,12,80
724,1949,0.0073157,12,81
725,1950,0.00934579,12,81
726,1951,0.00952381,12,82
727,1952,0.00892857,12,82
728,1953,,12,83
729,1954,0.0175439,12,83
730,1955,,12,84
731,1956,0.0169399,12,84
732,1957,0.0295056,12,85
733,1958,0.00798802,12,85
734,1959,0.00336417,12,86
735,1960,0.0272323,12,86
736,1961,0.00755532,12,87
737,1962,0.0168919,12,87
738,1963,0.00234742,12,88
739,1964,0.0194979,12,88
740,1965,0.023398,12,89
741,1966,0.0172786,12,89
742,1967,0.156627,12,90
743,1968,0.192651,12,90
744,1969,0.111111,12,91
745,1970,0.114385,12,91
746,1971,0.12959,12,92
747,1972,0.150355,12,92
748,1973,0.136915,12,93
749,1974,0.0452174,12,93
750,1975,0.078534,12,94
751,1976,0.0667939,12,94
752,1977,0.100218,12,95
753,1978,0.0456081,12,95
754,1979,0.0427419,12,96
755,1980,0.0323948,12,96
756,1981,0.0466321,12,97
757,1982,0.0265252,12,97
758,1983,0.0194604,12,98
759,1984,0.0249929,12,98
760,1985,0.0316092,12,99
761,1986,0.0255319,12,99
762,1987,0.0291317,12,100
763,1988,0.11,12,100
764,1989,0.0340909,12,101
765,1990,0.0181347,12,101
766,1991,0.0397217,12,102
767,1992,0.0405983,12,102
768,1993,0.0919963,12,103
769,1994,0.286542,12,103
770,1995,0.222222,12,104
771,1996,0.171293,12,104
772,1997,0.226674,12,105
773,1998,0.25256,12,105
774,1999,0.316003,12,106
775,2000,0.287701,12,106
776,2001,0.178454,12,107
777,2002,0.114259,12,107
778,2003,0.0936099,12,108
779,2004,0.083737,12,108
780,2005,0.0853273,12,109
781,2006,0.0352409,12,109
782,2007,0.0752006,12,110
783,2008,0.048286,12,110
784,2009,0.045308,12,111
785,2010,0.047885,12,111
786,2011,0.045226,12,112
787,2012,0.056142,12,112
788,2013,0.063390419,12,113
789,2014,0.084222119,12,113
790,2015,0.117931412,12,114
791,2016,0.092963035,12,114
792,2017,0.080736026,12,115
793,1946,,13,79
794,1947,0,13,80
795,1948,0,13,80
796,1949,0.000562746,13,81
797,1950,0,13,81
798,1951,0,13,82
799,1952,0,13,82
800,1953,,13,83
801,1954,0,13,83
802,1955,,13,84
803,1956,0,13,84
804,1957,0.0015949,13,85
805,1958,0,13,85
806,1959,0,13,86
807,1960,0.00778066,13,86
808,1961,0.00539665,13,87
809,1962,0.0112613,13,87
810,1963,0,13,88
811,1964,0.0216346,13,88
812,1965,0.0194097,13,89
813,1966,0.0151188,13,89
814,1967,0.0240964,13,90
815,1968,0.0249732,13,90
816,1969,0.037037,13,91
817,1970,0.0207972,13,91
818,1971,0.0388769,13,92
819,1972,0.0496454,13,92
820,1973,0.0433276,13,93
821,1974,0.0156522,13,93
822,1975,0.0287958,13,94
823,1976,0.0229008,13,94
824,1977,0.0501089,13,95
825,1978,0.0388514,13,95
826,1979,0.0169355,13,96
827,1980,0.0139267,13,96
828,1981,0.0170244,13,97
829,1982,0,13,97
830,1983,0,13,98
831,1984,0.0252769,13,98
832,1985,0.0488506,13,99
833,1986,0.0680851,13,99
834,1987,0.0582633,13,100
835,1988,0.07,13,100
836,1989,0.0776515,13,101
837,1990,0.0725389,13,101
838,1991,0.0985793,13,102
839,1992,0.0598291,13,102
840,1993,0.0515179,13,103
841,1994,0.0489375,13,103
842,1995,0.120773,13,104
843,1996,0.0888184,13,104
844,1997,0.105323,13,105
845,1998,0.0887372,13,105
846,1999,0.074736,13,106
847,2000,0.0678339,13,106
848,2001,0.0496544,13,107
849,2002,0.0471088,13,107
850,2003,0.0425526,13,108
851,2004,0.0380284,13,108
852,2005,0.084605,13,109
853,2006,0.0511395,13,109
854,2007,0.0523821,13,110
855,2008,0.0303,13,110
856,2009,0.024907,13,111
857,2010,0.032357,13,111
858,2011,0.039257,13,112
859,2012,0.038683,13,112
860,2013,0.044791787,13,113
861,2014,0.06517529,13,113
862,2015,0.067609226,13,114
863,2016,0.033837834,13,114
864,2017,0.03223344,13,115
865,1946,,14,79
866,1947,0.0453858,14,80
867,1948,0.0352564,14,80
868,1949,0.0450197,14,81
869,1950,0.0280374,14,81
870,1951,0,14,82
871,1952,0.00223214,14,82
872,1953,,14,83
873,1954,0,14,83
874,1955,,14,84
875,1956,0.00819672,14,84
876,1957,0,14,85
877,1958,0,14,85
878,1959,0,14,86
879,1960,0,14,86
880,1961,0,14,87
881,1962,0,14,87
882,1963,0,14,88
883,1964,0.00106838,14,88
884,1965,0.00132943,14,89
885,1966,0.00215983,14,89
886,1967,0,14,90
887,1968,0.00321085,14,90
888,1969,0.00462963,14,91
889,1970,0.0017331,14,91
890,1971,0.00431965,14,92
891,1972,0.00425532,14,92
892,1973,0.00519931,14,93
893,1974,0,14,93
894,1975,0,14,94
895,1976,0,14,94
896,1977,0.0043573,14,95
897,1978,0,14,95
898,1979,0.0016129,14,96
899,1980,0.00151378,14,96
900,1981,0.000740192,14,97
901,1982,0,14,97
902,1983,0,14,98
903,1984,0.000852031,14,98
904,1985,0,14,99
905,1986,0,14,99
906,1987,0,14,100
907,1988,0,14,100
908,1989,0,14,101
909,1990,0,14,101
910,1991,0,14,102
911,1992,0,14,102
912,1993,0,14,103
913,1994,0,14,103
914,1995,0,14,104
915,1996,0,14,104
916,1997,0,14,105
917,1998,0,14,105
918,1999,0,14,106
919,2000,0,14,106
920,2001,0,14,107
921,2002,0,14,107
922,2003,0,14,108
923,2004,0,14,108
924,2005,0,14,109
925,2006,0,14,109
926,2007,0,14,110
927,2008,0,14,110
928,2009,0,14,111
929,2010,0,14,111
930,2011,0,14,112
931,2012,0,14,112
932,2013,0,14,113
933,2014,0,14,113
934,2015,0,14,114
935,2016,0.002992892,14,114
936,2017,0.003466872,14,115
937,1946,,15,79
938,1947,0,15,80
939,1948,0,15,80
940,1949,0.000562746,15,81
941,1950,0,15,81
942,1951,0,15,82
943,1952,0,15,82
944,1953,,15,83
945,1954,0,15,83
946,1955,,15,84
947,1956,0.00382514,15,84
948,1957,0,15,85
949,1958,0,15,85
950,1959,0,15,86
951,1960,0,15,86
952,1961,0,15,87
953,1962,0,15,87
954,1963,0,15,88
955,1964,0.00106838,15,88
956,1965,0,15,89
957,1966,0,15,89
958,1967,0,15,90
959,1968,0,15,90
960,1969,0,15,91
961,1970,0,15,91
962,1971,0,15,92
963,1972,0,15,92
964,1973,0,15,93
965,1974,0,15,93
966,1975,0,15,94
967,1976,0,15,94
968,1977,0,15,95
969,1978,0,15,95
970,1979,0,15,96
971,1980,0,15,96
972,1981,0,15,97
973,1982,0,15,97
974,1983,0,15,98
975,1984,0,15,98
976,1985,0,15,99
977,1986,0,15,99
978,1987,0,15,100
979,1988,0,15,100
980,1989,0,15,101
981,1990,0.00259067,15,101
982,1991,0,15,102
983,1992,0,15,102
984,1993,0,15,103
985,1994,0,15,103
986,1995,0,15,104
987,1996,0,15,104
988,1997,0,15,105
989,1998,0,15,105
990,1999,0,15,106
991,2000,0,15,106
992,2001,0,15,107
993,2002,0.0137876,15,107
994,2003,0.00559528,15,108
995,2004,0.00402042,15,108
996,2005,0.0193298,15,109
997,2006,0.0113785,15,109
998,2007,0.00792724,15,110
999,2008,0.007701,15,110
1000,2009,0.007114,15,111
1001,2010,0.025014,15,111
1002,2011,0.008804,15,112
1003,2012,0.006797,15,112
1004,2013,0.003952744,15,113
1005,2014,0.007229103,15,113
1006,2015,0.008439595,15,114
1007,2016,0.007691179,15,114
1008,2017,0.010484589,15,115
1009,1946,,16,79
1010,1947,0.114977,16,80
1011,1948,0.224359,16,80
1012,1949,0.177828,16,81
1013,1950,0.0747664,16,81
1014,1951,0.0190476,16,82
1015,1952,0.205357,16,82
1016,1953,,16,83
1017,1954,0.131579,16,83
1018,1955,,16,84
1019,1956,0.250273,16,84
1020,1957,0.236045,16,85
1021,1958,0.371443,16,85
1022,1959,0.470984,16,86
1023,1960,0.218044,16,86
1024,1961,0.215327,16,87
1025,1962,0.246622,16,87
1026,1963,0.215962,16,88
1027,1964,0.158921,16,88
1028,1965,0.358947,16,89
1029,1966,0.460043,16,89
1030,1967,0.451807,16,90
1031,1968,0.399572,16,90
1032,1969,0.407407,16,91
1033,1970,0.254766,16,91
1034,1971,0.241901,16,92
1035,1972,0.276596,16,92
1036,1973,0.0953206,16,93
1037,1974,0.00695652,16,93
1038,1975,0.0052356,16,94
1039,1976,0.0152672,16,94
1040,1977,0.0283224,16,95
1041,1978,0.0253378,16,95
1042,1979,0.0225806,16,96
1043,1980,0.061762,16,96
1044,1981,0.0510733,16,97
1045,1982,0.0580239,16,97
1046,1983,0.186201,16,98
1047,1984,0.182619,16,98
1048,1985,0.201149,16,99
1049,1986,0.221277,16,99
1050,1987,0.139496,16,100
1051,1988,0.09,16,100
1052,1989,0.0208333,16,101
1053,1990,0.0259067,16,101
1054,1991,0.0162366,16,102
1055,1992,0.00267094,16,102
1056,1993,0.000919963,16,103
1057,1994,0.000965872,16,103
1058,1995,0.00120773,16,104
1059,1996,0,16,104
1060,1997,0,16,105
1061,1998,0.00341297,16,105
1062,1999,0.0129976,16,106
1063,2000,0.0194243,16,106
1064,2001,0.145857,16,107
1065,2002,0.271591,16,107
1066,2003,0.219876,16,108
1067,2004,0.272742,16,108
1068,2005,0.248262,16,109
1069,2006,0.213121,16,109
1070,2007,0.292518,16,110
1071,2008,0.143016,16,110
1072,2009,0.075059,16,111
1073,2010,0.065662,16,111
1074,2011,0.048431,16,112
1075,2012,0.033017,16,112
1076,2013,0.04092788,16,113
1077,2014,0.0608611,16,113
1078,2015,0.113645809,16,114
1079,2016,0.047218148,16,114
1080,2017,0.040382868,16,115
1081,1946,,17,79
1082,1947,0,17,80
1083,1948,0,17,80
1084,1949,0,17,81
1085,1950,0,17,81
1086,1951,0,17,82
1087,1952,0,17,82
1088,1953,,17,83
1089,1954,0,17,83
1090,1955,,17,84
1091,1956,0,17,84
1092,1957,0.0191388,17,85
1093,1958,0.0389416,17,85
1094,1959,0.00336417,17,86
1095,1960,0.0100037,17,86
1096,1961,0.00323799,17,87
1097,1962,0.00957207,17,87
1098,1963,0,17,88
1099,1964,0.0042735,17,88
1100,1965,0.00159532,17,89
1101,1966,0,17,89
1102,1967,0,17,90
1103,1968,0,17,90
1104,1969,0,17,91
1105,1970,0,17,91
1106,1971,0.00215983,17,92
1107,1972,0,17,92
1108,1973,0,17,93
1109,1974,0,17,93
1110,1975,0,17,94
1111,1976,0,17,94
1112,1977,0,17,95
1113,1978,0,17,95
1114,1979,0,17,96
1115,1980,0,17,96
1116,1981,0,17,97
1117,1982,0,17,97
1118,1983,0,17,98
1119,1984,0,17,98
1120,1985,0,17,99
1121,1986,0,17,99
1122,1987,0,17,100
1123,1988,0,17,100
1124,1989,0,17,101
1125,1990,0,17,101
1126,1991,0,17,102
1127,1992,0,17,102
1128,1993,0,17,103
1129,1994,0,17,103
1130,1995,0,17,104
1131,1996,0,17,104
1132,1997,0,17,105
1133,1998,0.00341297,17,105
1134,1999,0.00812348,17,106
1135,2000,0,17,106
1136,2001,0.0070886,17,107
1137,2002,0.00435374,17,107
1138,2003,0.00586273,17,108
1139,2004,0.00515817,17,108
1140,2005,0.00497917,17,109
1141,2006,0.00568558,17,109
1142,2007,0.00579987,17,110
1143,2008,0.003914,17,110
1144,2009,0.00241,17,111
1145,2010,0.003878,17,111
1146,2011,0.004254,17,112
1147,2012,0.004829,17,112
1148,2013,0.000656168,17,113
1149,2014,0.000778816,17,113
1150,2015,0.00209538,17,114
1151,2016,0.003896117,17,114
1152,2017,0.010158477,17,115
1153,1946,,18,79
1154,1947,0,18,80
1155,1948,0,18,80
1156,1949,0,18,81
1157,1950,0,18,81
1158,1951,0,18,82
1159,1952,0,18,82
1160,1953,,18,83
1161,1954,0,18,83
1162,1955,,18,84
1163,1956,0,18,84
1164,1957,0,18,85
1165,1958,0,18,85
1166,1959,0,18,86
1167,1960,0,18,86
1168,1961,0,18,87
1169,1962,0,18,87
1170,1963,0,18,88
1171,1964,0,18,88
1172,1965,0,18,89
1173,1966,0,18,89
1174,1967,0,18,90
1175,1968,0,18,90
1176,1969,0,18,91
1177,1970,0,18,91
1178,1971,0,18,92
1179,1972,0,18,92
1180,1973,0,18,93
1181,1974,0,18,93
1182,1975,0,18,94
1183,1976,0,18,94
1184,1977,0,18,95
1185,1978,0,18,95
1186,1979,0,18,96
1187,1980,0,18,96
1188,1981,0,18,97
1189,1982,0,18,97
1190,1983,0,18,98
1191,1984,0.00482817,18,98
1192,1985,0.0143678,18,99
1193,1986,0,18,99
1194,1987,0.022409,18,100
1195,1988,0,18,100
1196,1989,0.0189394,18,101
1197,1990,0.0129534,18,101
1198,1991,0.0101479,18,102
1199,1992,0.0149573,18,102
1200,1993,0.0147194,18,103
1201,1994,0.00643915,18,103
1202,1995,0.00966184,18,104
1203,1996,0.00237906,18,104
1204,1997,0.00744133,18,105
1205,1998,0.00682594,18,105
1206,1999,0.00649878,18,106
1207,2000,0.00588836,18,106
1208,2001,0.00370249,18,107
1209,2002,0,18,107
1210,2003,0.00161616,18,108
1211,2004,0.00542447,18,108
1212,2005,0.00494747,18,109
1213,2006,0.00478631,18,109
1214,2007,0.00456134,18,110
1215,2008,0.003528,18,110
1216,2009,0.003959,18,111
1217,2010,0.004042,18,111
1218,2011,0.004276,18,112
1219,2012,0.002419,18,112
1220,2013,0,18,113
1221,2014,0,18,113
1222,2015,0,18,114
1223,2016,0.003522741,18,114
1224,2017,0.003360111,18,115
1225,1946,,19,79
1226,1947,0.227685,19,80
1227,1948,0.333333,19,80
1228,1949,0.158132,19,81
1229,1950,0.364486,19,81
1230,1951,0.533333,19,82
1231,1952,0.339286,19,82
1232,1953,,19,83
1233,1954,0.210526,19,83
1234,1955,,19,84
1235,1956,0.185792,19,84
1236,1957,0.188198,19,85
1237,1958,0.0738892,19,85
1238,1959,0.0100925,19,86
1239,1960,0.418303,19,86
1240,1961,0.432272,19,87
1241,1962,0.333333,19,87
1242,1963,0.028169,19,88
1243,1964,0.142628,19,88
1244,1965,0.144111,19,89
1245,1966,0.049676,19,89
1246,1967,0.0481928,19,90
1247,1968,0.0271138,19,90
1248,1969,0.0277778,19,91
1249,1970,0.0467938,19,91
1250,1971,0.0151188,19,92
1251,1972,0.0156028,19,92
1252,1973,0.0294627,19,93
1253,1974,0.0278261,19,93
1254,1975,0.0314136,19,94
1255,1976,0.0419847,19,94
1256,1977,0.0457516,19,95
1257,1978,0.0422297,19,95
1258,1979,0.0431452,19,96
1259,1980,0.101726,19,96
1260,1981,0.0303479,19,97
1261,1982,0.0251989,19,97
1262,1983,0.0424591,19,98
1263,1984,0.056518,19,98
1264,1985,0,19,99
1265,1986,0,19,99
1266,1987,0.042577,19,100
1267,1988,0,19,100
1268,1989,0.0227273,19,101
1269,1990,0.0880829,19,101
1270,1991,0.0971296,19,102
1271,1992,0.0176282,19,102
1272,1993,0.0404784,19,103
1273,1994,0.0206053,19,103
1274,1995,0.0289855,19,104
1275,1996,0.0483743,19,104
1276,1997,0.0457928,19,105
1277,1998,0.0477816,19,105
1278,1999,0.0991064,19,106
1279,2000,0.0315963,19,106
1280,2001,0.0365268,19,107
1281,2002,0.0379488,19,107
1282,2003,0.0473814,19,108
1283,2004,0.0325206,19,108
1284,2005,0.0343109,19,109
1285,2006,0.0994156,19,109
1286,2007,0.0312389,19,110
1287,2008,0.033728,19,110
1288,2009,0.032603,19,111
1289,2010,0.033658,19,111
1290,2011,0.03209,19,112
1291,2012,0.030306,19,112
1292,2013,0.024251413,19,113
1293,2014,0.040565895,19,113
1294,2015,0.047087818,19,114
1295,2016,0.080145322,19,114
1296,2017,0.080921303,19,115
1297,1946,,20,79
1298,1947,0,20,80
1299,1948,0.0288462,20,80
1300,1949,0.0360158,20,81
1301,1950,0.0280374,20,81
1302,1951,0.0285714,20,82
1303,1952,0.0535714,20,82
1304,1953,,20,83
1305,1954,0,20,83
1306,1955,,20,84
1307,1956,0.00928962,20,84
1308,1957,0.000797448,20,85
1309,1958,0,20,85
1310,1959,0,20,86
1311,1960,0.0142645,20,86
1312,1961,0.00485699,20,87
1313,1962,0.0118243,20,87
1314,1963,0,20,88
1315,1964,0.00641026,20,88
1316,1965,0.0109014,20,89
1317,1966,0.0151188,20,89
1318,1967,0.0180723,20,90
1319,1968,0.0221192,20,90
1320,1969,0.00925926,20,91
1321,1970,0.0363951,20,91
1322,1971,0.0345572,20,92
1323,1972,0.0539007,20,92
1324,1973,0.0918544,20,93
1325,1974,0.135652,20,93
1326,1975,0.078534,20,94
1327,1976,0.103053,20,94
1328,1977,0.0305011,20,95
1329,1978,0.0388514,20,95
1330,1979,0.0387097,20,96
1331,1980,0.0448078,20,96
1332,1981,0.019245,20,97
1333,1982,0.0106101,20,97
1334,1983,0.0123839,20,98
1335,1984,0.0207327,20,98
1336,1985,0,20,99
1337,1986,0,20,99
1338,1987,0.0358543,20,100
1339,1988,0,20,100
1340,1989,0.0137311,20,101
1341,1990,0.0233161,20,101
1342,1991,0.018846,20,102
1343,1992,0.034188,20,102
1344,1993,0.0294388,20,103
1345,1994,0.0206053,20,103
1346,1995,0.0483092,20,104
1347,1996,0.0642347,20,104
1348,1997,0.0457928,20,105
1349,1998,0.0750853,20,105
1350,1999,0.0519903,20,106
1351,2000,0.0737832,20,106
1352,2001,0.0428065,20,107
1353,2002,0.0379715,20,107
1354,2003,0.0402484,20,108
1355,2004,0.0503265,20,108
1356,2005,0.0619081,20,109
1357,2006,0.0720749,20,109
1358,2007,0.0679138,20,110
1359,2008,0.053246,20,110
1360,2009,0.056497,20,111
1361,2010,0.080164,20,111
1362,2011,0.080796,20,112
1363,2012,0.099494,20,112
1364,2013,0.149267761,20,113
1365,2014,0.144271878,20,113
1366,2015,0.137586103,20,114
1367,2016,0.131118541,20,114
1368,2017,0.154469888,20,115
1369,1946,,21,79
1370,1947,0,21,80
1371,1948,0,21,80
1372,1949,0,21,81
1373,1950,0,21,81
1374,1951,0,21,82
1375,1952,0,21,82
1376,1953,,21,83
1377,1954,0,21,83
1378,1955,,21,84
1379,1956,0,21,84
1380,1957,0,21,85
1381,1958,0,21,85
1382,1959,0,21,86
1383,1960,0,21,86
1384,1961,0,21,87
1385,1962,0,21,87
1386,1963,0,21,88
1387,1964,0.000267094,21,88
1388,1965,0,21,89
1389,1966,0,21,89
1390,1967,0,21,90
1391,1968,0,21,90
1392,1969,0,21,91
1393,1970,0,21,91
1394,1971,0,21,92
1395,1972,0,21,92
1396,1973,0,21,93
1397,1974,0,21,93
1398,1975,0,21,94
1399,1976,0,21,94
1400,1977,0,21,95
1401,1978,0,21,95
1402,1979,0.00120968,21,96
1403,1980,0.000302755,21,96
1404,1981,0,21,97
1405,1982,0,21,97
1406,1983,0,21,98
1407,1984,0,21,98
1408,1985,0,21,99
1409,1986,0,21,99
1410,1987,0,21,100
1411,1988,0,21,100
1412,1989,0,21,101
1413,1990,0,21,101
1414,1991,0,21,102
1415,1992,0,21,102
1416,1993,0,21,103
1417,1994,0,21,103
1418,1995,0,21,104
1419,1996,0,21,104
1420,1997,0,21,105
1421,1998,0,21,105
1422,1999,0,21,106
1423,2000,0,21,106
1424,2001,0,21,107
1425,2002,0,21,107
1426,2003,0,21,108
1427,2004,0,21,108
1428,2005,0,21,109
1429,2006,0,21,109
1430,2007,0,21,110
1431,2008,0,21,110
1432,2009,0,21,111
1433,2010,0,21,111
1434,2011,0,21,112
1435,2012,0,21,112
1436,2013,0,21,113
1437,2014,0,21,113
1438,2015,0,21,114
1439,2016,0,21,114
1440,2017,0,21,115
1441,1946,,25,79
1442,1947,0.163389,25,80
1443,1948,0.099359,25,80
1444,1949,0.173326,25,81
1445,1950,0.0654206,25,81
1446,1951,0.152381,25,82
1447,1952,0.0357143,25,82
1448,1953,,25,83
1449,1954,0.122807,25,83
1450,1955,,25,84
1451,1956,0.132787,25,84
1452,1957,0.0829346,25,85
1453,1958,0.137793,25,85
1454,1959,0.174937,25,86
1455,1960,0.0700259,25,86
1456,1961,0.0755532,25,87
1457,1962,0.101351,25,87
1458,1963,0.131455,25,88
1459,1964,0.115385,25,88
1460,1965,0.0712576,25,89
1461,1966,0.0583153,25,89
1462,1967,0.0391566,25,90
1463,1968,0.0156975,25,90
1464,1969,0.0324074,25,91
1465,1970,0.0571924,25,91
1466,1971,0.0367171,25,92
1467,1972,0.0439716,25,92
1468,1973,0.05026,25,93
1469,1974,0.0486957,25,93
1470,1975,0.0366492,25,94
1471,1976,0.0954198,25,94
1472,1977,0.0544662,25,95
1473,1978,0.0439189,25,95
1474,1979,0.0516129,25,96
1475,1980,0.0451105,25,96
1476,1981,0.0451517,25,97
1477,1982,0.0570292,25,97
1478,1983,0.0760725,25,98
1479,1984,0.0874752,25,98
1480,1985,0.181034,25,99
1481,1986,0.229787,25,99
1482,1987,0.172549,25,100
1483,1988,0.4,25,100
1484,1989,0.138258,25,101
1485,1990,0.130181,25,101
1486,1991,0.107277,25,102
1487,1992,0.149038,25,102
1488,1993,0.0450782,25,103
1489,1994,0.147457,25,103
1490,1995,0.103865,25,104
1491,1996,0.105472,25,104
1492,1997,0.108758,25,105
1493,1998,0.0930034,25,105
1494,1999,0.10723,25,106
1495,2000,0.091047,25,106
1496,2001,0.0787381,25,107
1497,2002,0.081241,25,107
1498,2003,0.0670276,25,108
1499,2004,0.0563724,25,108
1500,2005,0.0597463,25,109
1501,2006,0.0941914,25,109
1502,2007,0.0676129,25,110
1503,2008,0.053112,25,110
1504,2009,0.048938,25,111
1505,2010,0.049174,25,111
1506,2011,0.052363,25,112
1507,2012,0.060493,25,113
1508,2013,0.10336827,25,113
1509,2014,0.083888794,25,113
1510,2015,0.082206245,25,114
1511,2016,0.113761142,25,114
1512,2017,0.160844398,25,115
1513,2018,0.1551512,1,115
1514,2018,0.0672624,2,115
1515,2018,0.0748035,3,115
1516,2018,0,4,115
1517,2018,0.0074975,5,115
1518,2018,0.021508,6,115
1519,2018,0.0244146,7,115
1520,2018,0.004893,8,115
1521,2018,0.0580268,9,115
1522,2018,0,10,115
1523,2018,0.0581042,12,115
1524,2018,0.0351937,13,115
1525,2018,0,14,115
1526,2018,0.0114172,15,115
1527,2018,0.0410712,16,115
1528,2018,0.0104321,17,115
1529,2018,0.0032603,18,115
1530,2018,0.0876694,19,115
1531,2018,0.1623749,20,115
1532,2018,0,21,115
1533,2018,0.1769199,25,115