Anomaly,year,temp,temp_c,anomaly_c,state
-3.43,1895,26.69,14.827777777777778,-1.9055555555555557,Average
-7.22,1895,26.6,14.777777777777779,-4.011111111111111,Average
-1.53,1895,39.97,22.205555555555556,-0.85,Average
1.85,1895,52.9,29.388888888888886,1.027777777777778,Average
-0.26,1895,59.94,33.3,-0.14444444444444446,Average
-0.69,1895,67.8,37.666666666666664,-0.3833333333333333,Average
-2.37,1895,71.24,39.577777777777776,-1.3166666666666667,Average
-0.48,1895,71.62,39.78888888888889,-0.26666666666666666,Average
0.71,1895,65.57,36.42777777777777,0.39444444444444443,Average
-3.26,1895,50.85,28.25,-1.811111111111111,Average
-2.53,1895,39.16,21.755555555555553,-1.4055555555555554,Average
-0.97,1895,31.71,17.616666666666667,-0.5388888888888889,Average
1.36,1896,31.48,17.488888888888887,0.7555555555555555,Average
1.22,1896,35.04,19.466666666666665,0.6777777777777777,Average
-3.47,1896,38.03,21.127777777777776,-1.9277777777777778,Average
1.29,1896,52.34,29.07777777777778,0.7166666666666667,Average
2.26,1896,62.46,34.7,1.2555555555555553,Average
1.4,1896,69.89,38.827777777777776,0.7777777777777777,Average
0.08,1896,73.69,40.93888888888889,0.044444444444444446,Average
0.17,1896,72.27,40.15,0.09444444444444444,Average
-1.92,1896,62.94,34.96666666666666,-1.0666666666666667,Average
-2.2,1896,51.91,28.838888888888885,-1.2222222222222223,Average
-3.37,1896,38.32,21.288888888888888,-1.8722222222222222,Average
2.87,1896,35.55,19.749999999999996,1.5944444444444446,Average
-1.95,1897,28.17,15.65,-1.0833333333333333,Average
-0.43,1897,33.39,18.55,-0.23888888888888887,Average
-2.71,1897,38.79,21.55,-1.5055555555555555,Average
0.1,1897,51.15,28.416666666666664,0.05555555555555556,Average
0.98,1897,61.18,33.98888888888889,0.5444444444444444,Average
-0.38,1897,68.11,37.83888888888889,-0.2111111111111111,Average
-0.25,1897,73.36,40.75555555555555,-0.1388888888888889,Average
-0.75,1897,71.35,39.638888888888886,-0.41666666666666663,Average
1.54,1897,66.4,36.88888888888889,0.8555555555555555,Average
1,1897,55.11,30.616666666666667,0.5555555555555556,Average
-0.78,1897,40.91,22.727777777777774,-0.43333333333333335,Average
-1.92,1897,30.76,17.08888888888889,-1.0666666666666667,Average
0.55,1898,30.67,17.038888888888888,0.3055555555555556,Average
1.55,1898,35.37,19.65,0.8611111111111112,Average
-0.45,1898,41.05,22.805555555555554,-0.25,Average
-0.26,1898,50.79,28.216666666666665,-0.14444444444444446,Average
-0.26,1898,59.94,33.3,-0.14444444444444446,Average
0.82,1898,69.31,38.50555555555555,0.4555555555555555,Average
-0.32,1898,73.29,40.71666666666667,-0.17777777777777778,Average
0.65,1898,72.75,40.416666666666664,0.3611111111111111,Average
0.6,1898,65.46,36.36666666666666,0.3333333333333333,Average
-2.62,1898,51.49,28.605555555555554,-1.4555555555555555,Average
-3.3,1898,38.39,21.32777777777778,-1.8333333333333333,Average
-4.01,1898,28.67,15.927777777777779,-2.2277777777777774,Average
-0.44,1899,29.68,16.488888888888887,-0.24444444444444444,Average
-8.32,1899,25.5,14.166666666666666,-4.622222222222223,Average
-3.87,1899,37.63,20.905555555555555,-2.15,Average
-0.44,1899,50.61,28.116666666666667,-0.24444444444444444,Average
-0.3,1899,59.9,33.27777777777778,-0.16666666666666666,Average
0.16,1899,68.65,38.13888888888889,0.08888888888888889,Average
-0.53,1899,73.08,40.6,-0.29444444444444445,Average
-0.36,1899,71.74,39.855555555555554,-0.19999999999999998,Average
-0.06,1899,64.8,36,-0.03333333333333333,Average
-0.13,1899,53.98,29.988888888888887,-0.07222222222222223,Average
3.23,1899,44.92,24.955555555555556,1.7944444444444443,Average
-1.06,1899,31.62,17.566666666666666,-0.5888888888888889,Average
3.99,1900,34.11,18.95,2.216666666666667,Average
-3.06,1900,30.76,17.08888888888889,-1.7,Average
-0.23,1900,41.27,22.92777777777778,-0.12777777777777777,Average
0.55,1900,51.6,28.666666666666668,0.3055555555555556,Average
1.54,1900,61.74,34.3,0.8555555555555555,Average
1.81,1900,70.3,39.05555555555555,1.0055555555555555,Average
-0.48,1900,73.13,40.62777777777777,-0.26666666666666666,Average
0.76,1900,72.86,40.477777777777774,0.4222222222222222,Average
0.28,1900,65.14,36.18888888888889,0.15555555555555556,Average
2.24,1900,56.35,31.305555555555557,1.2444444444444445,Average
-0.15,1900,41.54,23.077777777777776,-0.08333333333333333,Average
1.8,1900,34.48,19.155555555555555,1,Average
1.5,1901,31.62,17.566666666666666,0.8333333333333333,Average
-3.96,1901,29.86,16.58888888888889,-2.1999999999999997,Average
-0.79,1901,40.71,22.616666666666667,-0.4388888888888889,Average
-1.66,1901,49.39,27.43888888888889,-0.9222222222222222,Average
0.98,1901,61.18,33.98888888888889,0.5444444444444444,Average
-0.06,1901,68.43,38.01666666666667,-0.03333333333333333,Average
2.63,1901,76.24,42.355555555555554,1.461111111111111,Average
1.1,1901,73.2,40.666666666666664,0.6111111111111112,Average
-1.61,1901,63.25,35.138888888888886,-0.8944444444444445,Average
1.34,1901,55.45,30.805555555555557,0.7444444444444445,Average
-0.01,1901,41.68,23.155555555555555,-0.005555555555555556,Average
-1.2,1901,31.48,17.488888888888887,-0.6666666666666666,Average
-0.06,1902,30.06,16.7,-0.03333333333333333,Average
-2.36,1902,31.46,17.477777777777778,-1.3111111111111111,Average
0.08,1902,41.58,23.099999999999998,0.044444444444444446,Average
-0.2,1902,50.85,28.25,-0.11111111111111112,Average
1.79,1902,61.99,34.43888888888889,0.9944444444444445,Average
-0.45,1902,68.04,37.800000000000004,-0.25,Average
-1.56,1902,72.05,40.02777777777778,-0.8666666666666667,Average
-0.73,1902,71.37,39.65,-0.40555555555555556,Average
-2.1,1902,62.76,34.86666666666667,-1.1666666666666667,Average
0.32,1902,54.43,30.238888888888887,0.17777777777777778,Average
1.99,1902,43.68,24.266666666666666,1.1055555555555556,Average
-1.89,1902,30.79,17.105555555555554,-1.0499999999999998,Average
0.76,1903,30.88,17.155555555555555,0.4222222222222222,Average
-5.4,1903,28.42,15.78888888888889,-3,Average
0.71,1903,42.21,23.45,0.39444444444444443,Average
-0.83,1903,50.22,27.9,-0.4611111111111111,Average
-0.66,1903,59.54,33.077777777777776,-0.3666666666666667,Average
-2.6,1903,65.89,36.605555555555554,-1.4444444444444444,Average
-1.69,1903,71.92,39.955555555555556,-0.9388888888888889,Average
-1.13,1903,70.97,39.42777777777778,-0.6277777777777777,Average
-2.13,1903,62.73,34.849999999999994,-1.1833333333333333,Average
-0.17,1903,53.94,29.966666666666665,-0.09444444444444444,Average
-1.46,1903,40.23,22.349999999999998,-0.8111111111111111,Average
-2.14,1903,30.54,16.966666666666665,-1.1888888888888889,Average
-2.57,1904,27.55,15.305555555555555,-1.4277777777777776,Average
-2.23,1904,31.59,17.55,-1.238888888888889,Average
0.26,1904,41.76,23.2,0.14444444444444446,Average
-1.59,1904,49.46,27.477777777777778,-0.8833333333333333,Average
-0.07,1904,60.13,33.40555555555556,-0.03888888888888889,Average
-1.23,1904,67.26,37.36666666666667,-0.6833333333333333,Average
-2.26,1904,71.35,39.638888888888886,-1.2555555555555553,Average
-1.38,1904,70.72,39.288888888888884,-0.7666666666666666,Average
0.1,1904,64.96,36.08888888888888,0.05555555555555556,Average
-0.19,1904,53.92,29.955555555555556,-0.10555555555555556,Average
1.45,1904,43.14,23.966666666666665,0.8055555555555555,Average
-0.66,1904,32.02,17.78888888888889,-0.3666666666666667,Average
-3.02,1905,27.1,15.055555555555555,-1.6777777777777778,Average
-6.88,1905,26.94,14.966666666666667,-3.822222222222222,Average
3.62,1905,45.12,25.066666666666663,2.011111111111111,Average
-0.56,1905,50.49,28.05,-0.3111111111111111,Average
-1.06,1905,59.14,32.855555555555554,-0.5888888888888889,Average
-0.49,1905,68,37.77777777777778,-0.2722222222222222,Average
-1.63,1905,71.98,39.98888888888889,-0.9055555555555554,Average
0.27,1905,72.37,40.205555555555556,0.15,Average
1.09,1905,65.95,36.63888888888889,0.6055555555555556,Average
-2.47,1905,51.64,28.68888888888889,-1.3722222222222222,Average
0.55,1905,42.24,23.46666666666667,0.3055555555555556,Average
-1.69,1905,30.99,17.216666666666665,-0.9388888888888889,Average
2.76,1906,32.88,18.26666666666667,1.5333333333333332,Average
-0.13,1906,33.69,18.716666666666665,-0.07222222222222223,Average
-5.4,1906,36.1,20.055555555555557,-3,Average
1.67,1906,52.72,29.288888888888888,0.9277777777777777,Average
-0.62,1906,59.58,33.1,-0.34444444444444444,Average
-1.17,1906,67.32,37.4,-0.6499999999999999,Average
-1.25,1906,72.36,40.199999999999996,-0.6944444444444444,Average
-0.25,1906,71.85,39.916666666666664,-0.1388888888888889,Average
1.39,1906,66.25,36.80555555555556,0.7722222222222221,Average
-1.57,1906,52.54,29.188888888888886,-0.8722222222222222,Average
-1.25,1906,40.44,22.466666666666665,-0.6944444444444444,Average
2.29,1906,34.97,19.427777777777777,1.2722222222222221,Average
0.57,1907,30.69,17.05,0.31666666666666665,Average
1.64,1907,35.46,19.7,0.911111111111111,Average
4.2,1907,45.7,25.38888888888889,2.3333333333333335,Average
-3.52,1907,47.53,26.405555555555555,-1.9555555555555555,Average
-4.31,1907,55.89,31.05,-2.3944444444444444,Average
-2.79,1907,65.7,36.5,-1.55,Average
-1.09,1907,72.52,40.288888888888884,-0.6055555555555556,Average
-1.31,1907,70.79,39.32777777777778,-0.7277777777777777,Average
-0.64,1907,64.22,35.67777777777778,-0.35555555555555557,Average
-0.33,1907,53.78,29.877777777777776,-0.18333333333333335,Average
-0.87,1907,40.82,22.677777777777777,-0.48333333333333334,Average
2.02,1907,34.7,19.27777777777778,1.1222222222222222,Average
2.33,1908,32.45,18.02777777777778,1.2944444444444445,Average
-0.81,1908,33.01,18.33888888888889,-0.45,Average
2.42,1908,43.92,24.4,1.3444444444444443,Average
1.7,1908,52.75,29.305555555555554,0.9444444444444444,Average
-1.38,1908,58.82,32.67777777777778,-0.7666666666666666,Average
-1.57,1908,66.92,37.17777777777778,-0.8722222222222222,Average
-0.43,1908,73.18,40.65555555555556,-0.23888888888888887,Average
-1.42,1908,70.68,39.26666666666667,-0.7888888888888889,Average
0.73,1908,65.59,36.43888888888889,0.40555555555555556,Average
-2.35,1908,51.76,28.755555555555553,-1.3055555555555556,Average
0.84,1908,42.53,23.627777777777776,0.4666666666666666,Average
0.63,1908,33.31,18.505555555555556,0.35,Average
2.19,1909,32.31,17.95,1.2166666666666666,Average
1.2,1909,35.02,19.455555555555556,0.6666666666666666,Average
-1.15,1909,40.35,22.416666666666668,-0.6388888888888888,Average
-2.09,1909,48.96,27.2,-1.161111111111111,Average
-2.06,1909,58.14,32.3,-1.1444444444444444,Average
0.45,1909,68.94,38.3,0.25,Average
-0.98,1909,72.63,40.349999999999994,-0.5444444444444444,Average
0.83,1909,72.93,40.51666666666667,0.4611111111111111,Average
-0.46,1909,64.4,35.77777777777778,-0.25555555555555554,Average
-1.23,1909,52.88,29.37777777777778,-0.6833333333333333,Average
3.34,1909,45.03,25.016666666666666,1.8555555555555554,Average
-7.07,1909,25.61,14.227777777777778,-3.927777777777778,Average
-0.51,1910,29.61,16.45,-0.2833333333333333,Average
-4.52,1910,29.3,16.27777777777778,-2.5111111111111106,Average
7.94,1910,49.44,27.466666666666665,4.411111111111111,Average
2.57,1910,53.62,29.788888888888888,1.4277777777777776,Average
-0.98,1910,59.22,32.9,-0.5444444444444444,Average
-0.2,1910,68.29,37.93888888888889,-0.11111111111111112,Average
0.51,1910,74.12,41.17777777777778,0.2833333333333333,Average
-0.99,1910,71.11,39.50555555555555,-0.5499999999999999,Average
0.82,1910,65.68,36.488888888888894,0.4555555555555555,Average
1.51,1910,55.62,30.9,0.8388888888888889,Average
-0.56,1910,41.13,22.85,-0.3111111111111111,Average
-0.75,1910,31.93,17.738888888888887,-0.41666666666666663,Average
2.78,1911,32.9,18.277777777777775,1.5444444444444443,Average
-0.16,1911,33.66,18.7,-0.08888888888888889,Average
2.52,1911,44.02,24.455555555555556,1.4,Average
-1.05,1911,50,27.77777777777778,-0.5833333333333334,Average
1.01,1911,61.21,34.00555555555555,0.5611111111111111,Average
2.26,1911,70.75,39.30555555555556,1.2555555555555553,Average
-0.93,1911,72.68,40.37777777777778,-0.5166666666666667,Average
-1.2,1911,70.9,39.38888888888889,-0.6666666666666666,Average
1.23,1911,66.09,36.71666666666667,0.6833333333333333,Average
-1.45,1911,52.66,29.255555555555553,-0.8055555555555555,Average
-4.42,1911,37.27,20.705555555555556,-2.4555555555555553,Average
-0.48,1911,32.2,17.88888888888889,-0.26666666666666666,Average
-5.36,1912,24.76,13.755555555555556,-2.977777777777778,Average
-2.74,1912,31.08,17.266666666666666,-1.5222222222222224,Average
-5.74,1912,35.76,19.866666666666664,-3.188888888888889,Average
-0.47,1912,50.58,28.099999999999998,-0.26111111111111107,Average
0.28,1912,60.48,33.599999999999994,0.15555555555555556,Average
-1.79,1912,66.7,37.05555555555556,-0.9944444444444445,Average
-1.36,1912,72.25,40.138888888888886,-0.7555555555555555,Average
-1.98,1912,70.12,38.955555555555556,-1.0999999999999999,Average
-2.13,1912,62.73,34.849999999999994,-1.1833333333333333,Average
-0.94,1912,53.17,29.538888888888888,-0.5222222222222221,Average
0.52,1912,42.21,23.45,0.2888888888888889,Average
0.27,1912,32.95,18.305555555555557,0.15,Average
0.35,1913,30.47,16.927777777777777,0.19444444444444442,Average
-4.32,1913,29.5,16.38888888888889,-2.4,Average
-2.79,1913,38.71,21.505555555555556,-1.55,Average
0.34,1913,51.39,28.55,0.18888888888888888,Average
-0.07,1913,60.13,33.40555555555556,-0.03888888888888889,Average
-0.27,1913,68.22,37.9,-0.15,Average
-0.61,1913,73,40.55555555555556,-0.33888888888888885,Average
1.26,1913,73.36,40.75555555555555,0.7,Average
-1.22,1913,63.64,35.355555555555554,-0.6777777777777777,Average
-2.47,1913,51.64,28.68888888888889,-1.3722222222222222,Average
3.43,1913,45.12,25.066666666666663,1.9055555555555557,Average
0.65,1913,33.33,18.516666666666666,0.3611111111111111,Average
4.38,1914,34.5,19.166666666666668,2.433333333333333,Average
-4.3,1914,29.52,16.4,-2.388888888888889,Average
-0.75,1914,40.75,22.63888888888889,-0.41666666666666663,Average
-0.01,1914,51.04,28.355555555555554,-0.005555555555555556,Average
0.94,1914,61.14,33.96666666666667,0.5222222222222221,Average
0.86,1914,69.35,38.52777777777777,0.47777777777777775,Average
0.47,1914,74.08,41.15555555555555,0.26111111111111107,Average
-0.41,1914,71.69,39.827777777777776,-0.22777777777777775,Average
-0.28,1914,64.58,35.87777777777777,-0.15555555555555556,Average
1.13,1914,55.24,30.68888888888889,0.6277777777777777,Average
1.72,1914,43.41,24.116666666666664,0.9555555555555555,Average
-5.9,1914,26.78,14.877777777777778,-3.2777777777777777,Average
-1.68,1915,28.44,15.8,-0.9333333333333332,Average
2.12,1915,35.94,19.966666666666665,1.1777777777777778,Average
-4.55,1915,36.95,20.52777777777778,-2.5277777777777777,Average
3.52,1915,54.57,30.316666666666666,1.9555555555555555,Average
-2.03,1915,58.17,32.31666666666667,-1.1277777777777775,Average
-2.42,1915,66.07,36.70555555555555,-1.3444444444444443,Average
-2.6,1915,71.01,39.45,-1.4444444444444444,Average
-1.94,1915,70.16,38.977777777777774,-1.0777777777777777,Average
-0.44,1915,64.42,35.78888888888889,-0.24444444444444444,Average
1.24,1915,55.35,30.75,0.6888888888888889,Average
1.42,1915,43.11,23.95,0.7888888888888889,Average
0.49,1915,33.17,18.427777777777777,0.2722222222222222,Average
-1.9,1916,28.22,15.677777777777777,-1.0555555555555556,Average
-0.79,1916,33.03,18.35,-0.4388888888888889,Average
0.65,1916,42.15,23.416666666666664,0.3611111111111111,Average
-0.8,1916,50.25,27.916666666666664,-0.4444444444444445,Average
-0.89,1916,59.31,32.95,-0.49444444444444446,Average
-2.18,1916,66.31,36.83888888888889,-1.2111111111111112,Average
0.67,1916,74.28,41.266666666666666,0.37222222222222223,Average
-0.28,1916,71.82,39.9,-0.15555555555555556,Average
-1.36,1916,63.5,35.27777777777778,-0.7555555555555555,Average
-1.97,1916,52.14,28.966666666666665,-1.0944444444444443,Average
-1.46,1916,40.23,22.349999999999998,-0.8111111111111111,Average
-3.74,1916,28.94,16.07777777777778,-2.077777777777778,Average
-1.85,1917,28.27,15.705555555555556,-1.027777777777778,Average
-3.73,1917,30.09,16.716666666666665,-2.072222222222222,Average
-3.15,1917,38.35,21.305555555555557,-1.75,Average
-2.42,1917,48.63,27.016666666666666,-1.3444444444444443,Average
-5.07,1917,55.13,30.62777777777778,-2.816666666666667,Average
-1.52,1917,66.97,37.205555555555556,-0.8444444444444444,Average
1,1917,74.61,41.449999999999996,0.5555555555555556,Average
-1.08,1917,71.02,39.455555555555556,-0.6,Average
-0.77,1917,64.09,35.605555555555554,-0.42777777777777776,Average
-3.7,1917,50.41,28.005555555555553,-2.055555555555556,Average
1.85,1917,43.54,24.188888888888886,1.027777777777778,Average
-3.04,1917,29.64,16.466666666666665,-1.6888888888888889,Average
-6.26,1918,23.86,13.255555555555555,-3.4777777777777774,Average
0,1918,33.82,18.788888888888888,0,Average
4.25,1918,45.75,25.416666666666664,2.361111111111111,Average
-2.02,1918,49.03,27.238888888888887,-1.1222222222222222,Average
0.6,1918,60.8,33.77777777777778,0.3333333333333333,Average
2.66,1918,71.15,39.52777777777778,1.4777777777777779,Average
-1.16,1918,72.45,40.25,-0.6444444444444444,Average
0.4,1918,72.5,40.27777777777778,0.22222222222222224,Average
-2.94,1918,61.92,34.4,-1.6333333333333333,Average
2.06,1918,56.17,31.205555555555556,1.1444444444444444,Average
-1.18,1918,40.51,22.505555555555553,-0.6555555555555556,Average
1.77,1918,34.45,19.13888888888889,0.9833333333333333,Average
1.7,1919,31.82,17.677777777777777,0.9444444444444444,Average
-1.57,1919,32.25,17.916666666666668,-0.8722222222222222,Average
-0.61,1919,40.89,22.716666666666665,-0.33888888888888885,Average
0.3,1919,51.35,28.52777777777778,0.16666666666666666,Average
-0.17,1919,60.03,33.35,-0.09444444444444444,Average
0.81,1919,69.3,38.5,0.45,Average
0.74,1919,74.35,41.30555555555555,0.4111111111111111,Average
0.17,1919,72.27,40.15,0.09444444444444444,Average
0.78,1919,65.64,36.46666666666667,0.43333333333333335,Average
-1.52,1919,52.59,29.21666666666667,-0.8444444444444444,Average
-2.38,1919,39.31,21.83888888888889,-1.3222222222222222,Average
-3.9,1919,28.78,15.988888888888889,-2.1666666666666665,Average
-0.89,1920,29.23,16.238888888888887,-0.49444444444444446,Average
-0.13,1920,33.69,18.716666666666665,-0.07222222222222223,Average
-1.22,1920,40.28,22.377777777777776,-0.6777777777777777,Average
-4.27,1920,46.78,25.988888888888887,-2.372222222222222,Average
-0.89,1920,59.31,32.95,-0.49444444444444446,Average
-1.12,1920,67.37,37.42777777777778,-0.6222222222222222,Average
-0.91,1920,72.7,40.38888888888889,-0.5055555555555555,Average
-1.47,1920,70.63,39.23888888888889,-0.8166666666666667,Average
0.58,1920,65.44,36.355555555555554,0.3222222222222222,Average
0.52,1920,54.63,30.35,0.2888888888888889,Average
-1.99,1920,39.7,22.055555555555557,-1.1055555555555556,Average
0.45,1920,33.13,18.405555555555555,0.25,Average
4.24,1921,34.36,19.08888888888889,2.3555555555555556,Average
3.08,1921,36.9,20.5,1.711111111111111,Average
5.13,1921,46.63,25.905555555555555,2.85,Average
-0.04,1921,51.01,28.33888888888889,-0.022222222222222223,Average
-0.1,1921,60.1,33.388888888888886,-0.05555555555555556,Average
1.87,1921,70.36,39.08888888888889,1.038888888888889,Average
1.05,1921,74.66,41.477777777777774,0.5833333333333334,Average
-0.07,1921,72.03,40.016666666666666,-0.03888888888888889,Average
1.68,1921,66.54,36.96666666666667,0.9333333333333332,Average
1.24,1921,55.35,30.75,0.6888888888888889,Average
0.89,1921,42.58,23.655555555555555,0.49444444444444446,Average
2.4,1921,35.08,19.488888888888887,1.3333333333333333,Average
-3.32,1922,26.8,14.88888888888889,-1.8444444444444443,Average
-1.87,1922,31.95,17.75,-1.038888888888889,Average
-1.08,1922,40.42,22.455555555555556,-0.6,Average
-0.74,1922,50.31,27.95,-0.4111111111111111,Average
0.98,1922,61.18,33.98888888888889,0.5444444444444444,Average
1.65,1922,70.14,38.96666666666667,0.9166666666666666,Average
-0.61,1922,73,40.55555555555556,-0.33888888888888885,Average
0.71,1922,72.81,40.45,0.39444444444444443,Average
2.42,1922,67.28,37.37777777777778,1.3444444444444443,Average
0.91,1922,55.02,30.566666666666666,0.5055555555555555,Average
0.17,1922,41.86,23.255555555555556,0.09444444444444444,Average
0.87,1922,33.55,18.638888888888886,0.48333333333333334,Average
4.47,1923,34.59,19.21666666666667,2.483333333333333,Average
-4.25,1923,29.57,16.427777777777777,-2.361111111111111,Average
-3.2,1923,38.3,21.277777777777775,-1.777777777777778,Average
-1.14,1923,49.91,27.727777777777774,-0.6333333333333333,Average
-0.68,1923,59.52,33.06666666666667,-0.37777777777777777,Average
-0.45,1923,68.04,37.800000000000004,-0.25,Average
0.15,1923,73.76,40.97777777777778,0.08333333333333333,Average
-0.99,1923,71.11,39.50555555555555,-0.5499999999999999,Average
0.21,1923,65.07,36.15,0.11666666666666665,Average
-2.87,1923,51.24,28.46666666666667,-1.5944444444444446,Average
0.89,1923,42.58,23.655555555555555,0.49444444444444446,Average
3.3,1923,35.98,19.988888888888887,1.8333333333333333,Average
-3.86,1924,26.26,14.588888888888889,-2.1444444444444444,Average
1.37,1924,35.19,19.549999999999997,0.7611111111111112,Average
-4.32,1924,37.18,20.655555555555555,-2.4,Average
-0.78,1924,50.27,27.927777777777777,-0.43333333333333335,Average
-2.3,1924,57.9,32.166666666666664,-1.2777777777777777,Average
0.1,1924,68.59,38.105555555555554,0.05555555555555556,Average
-1.72,1924,71.89,39.93888888888889,-0.9555555555555555,Average
-0.03,1924,72.07,40.038888888888884,-0.016666666666666666,Average
-2.12,1924,62.74,34.855555555555554,-1.1777777777777778,Average
0.86,1924,54.97,30.538888888888888,0.47777777777777775,Average
0.71,1924,42.4,23.555555555555554,0.39444444444444443,Average
-5.09,1924,27.59,15.327777777777778,-2.8277777777777775,Average
-1.04,1925,29.08,16.155555555555555,-0.5777777777777778,Average
4.48,1925,38.3,21.277777777777775,2.488888888888889,Average
2.74,1925,44.24,24.57777777777778,1.5222222222222224,Average
3.67,1925,54.72,30.4,2.0388888888888888,Average
-0.19,1925,60.01,33.33888888888889,-0.10555555555555556,Average
1.35,1925,69.84,38.800000000000004,0.75,Average
0.53,1925,74.14,41.18888888888889,0.29444444444444445,Average
-0.7,1925,71.4,39.66666666666667,-0.38888888888888884,Average
1.81,1925,66.67,37.03888888888889,1.0055555555555555,Average
-5.19,1925,48.92,27.177777777777777,-2.8833333333333333,Average
-1.28,1925,40.41,22.45,-0.7111111111111111,Average
-0.18,1925,32.5,18.055555555555554,-0.09999999999999999,Average
0.19,1926,30.31,16.83888888888889,0.10555555555555556,Average
3.85,1926,37.67,20.927777777777777,2.138888888888889,Average
-1.85,1926,39.65,22.027777777777775,-1.027777777777778,Average
-1.01,1926,50.04,27.799999999999997,-0.5611111111111111,Average
0.82,1926,61.02,33.9,0.4555555555555555,Average
-0.29,1926,68.2,37.88888888888889,-0.1611111111111111,Average
-0.25,1926,73.36,40.75555555555555,-0.1388888888888889,Average
0.24,1926,72.34,40.18888888888889,0.13333333333333333,Average
-0.75,1926,64.11,35.61666666666667,-0.41666666666666663,Average
0.84,1926,54.95,30.52777777777778,0.4666666666666666,Average
-1.23,1926,40.46,22.477777777777778,-0.6833333333333333,Average
-1.35,1926,31.33,17.405555555555555,-0.75,Average
1.43,1927,31.55,17.52777777777778,0.7944444444444444,Average
4.08,1927,37.9,21.055555555555554,2.2666666666666666,Average
0.76,1927,42.26,23.477777777777778,0.4222222222222222,Average
0.53,1927,51.58,28.655555555555555,0.29444444444444445,Average
-0.44,1927,59.76,33.199999999999996,-0.24444444444444444,Average
-1.28,1927,67.21,37.33888888888888,-0.7111111111111111,Average
-0.93,1927,72.68,40.37777777777778,-0.5166666666666667,Average
-2.73,1927,69.37,38.53888888888889,-1.5166666666666666,Average
0.12,1927,64.98,36.1,0.06666666666666667,Average
1.79,1927,55.9,31.055555555555554,0.9944444444444445,Average
2.66,1927,44.35,24.63888888888889,1.4777777777777779,Average
-4.46,1927,28.22,15.677777777777777,-2.477777777777778,Average
1.86,1928,31.98,17.766666666666666,1.0333333333333334,Average
0.52,1928,34.34,19.07777777777778,0.2888888888888889,Average
1.62,1928,43.12,23.955555555555552,0.9,Average
-2.99,1928,48.06,26.7,-1.6611111111111112,Average
1.32,1928,61.52,34.17777777777778,0.7333333333333334,Average
-2.58,1928,65.91,36.61666666666667,-1.4333333333333333,Average
-0.21,1928,73.4,40.77777777777778,-0.11666666666666665,Average
-0.28,1928,71.82,39.9,-0.15555555555555556,Average
-1.59,1928,63.27,35.15,-0.8833333333333333,Average
0.97,1928,55.08,30.599999999999998,0.5388888888888889,Average
-0.11,1928,41.58,23.099999999999998,-0.06111111111111111,Average
0.26,1928,32.94,18.299999999999997,0.14444444444444446,Average
-3.81,1929,26.31,14.616666666666665,-2.1166666666666667,Average
-6.9,1929,26.92,14.955555555555556,-3.8333333333333335,Average
2.06,1929,43.56,24.2,1.1444444444444444,Average
0.12,1929,51.17,28.427777777777777,0.06666666666666667,Average
-1.34,1929,58.86,32.699999999999996,-0.7444444444444445,Average
-0.99,1929,67.5,37.5,-0.5499999999999999,Average
-0.01,1929,73.6,40.888888888888886,-0.005555555555555556,Average
0.53,1929,72.63,40.349999999999994,0.29444444444444445,Average
-1.45,1929,63.41,35.227777777777774,-0.8055555555555555,Average
-0.19,1929,53.92,29.955555555555556,-0.10555555555555556,Average
-3.28,1929,38.41,21.338888888888885,-1.822222222222222,Average
1.28,1929,33.96,18.866666666666667,0.7111111111111111,Average
-6.58,1930,23.54,13.077777777777778,-3.6555555555555554,Average
6.28,1930,40.1,22.27777777777778,3.488888888888889,Average
-1.09,1930,40.41,22.45,-0.6055555555555556,Average
3.36,1930,54.41,30.227777777777774,1.8666666666666665,Average
-0.97,1930,59.23,32.90555555555555,-0.5388888888888889,Average
-0.08,1930,68.41,38.00555555555555,-0.044444444444444446,Average
1.43,1930,75.04,41.68888888888889,0.7944444444444444,Average
0.8,1930,72.9,40.5,0.4444444444444445,Average
0.89,1930,65.75,36.52777777777778,0.49444444444444446,Average
-2.42,1930,51.69,28.716666666666665,-1.3444444444444443,Average
-0.6,1930,41.09,22.82777777777778,-0.3333333333333333,Average
-1.51,1930,31.17,17.316666666666666,-0.8388888888888889,Average
2.87,1931,32.99,18.32777777777778,1.5944444444444446,Average
4.12,1931,37.94,21.077777777777776,2.2888888888888888,Average
-2.08,1931,39.42,21.900000000000002,-1.1555555555555557,Average
0.01,1931,51.06,28.366666666666667,0.005555555555555556,Average
-0.77,1931,59.43,33.016666666666666,-0.42777777777777776,Average
2.21,1931,70.7,39.27777777777778,1.2277777777777776,Average
2.2,1931,75.81,42.11666666666667,1.2222222222222223,Average
-0.14,1931,71.96,39.977777777777774,-0.07777777777777778,Average
3.27,1931,68.13,37.849999999999994,1.8166666666666667,Average
2.46,1931,56.57,31.427777777777777,1.3666666666666667,Average
1.69,1931,43.38,24.1,0.9388888888888889,Average
2.38,1931,35.06,19.477777777777778,1.3222222222222222,Average
1.43,1932,31.55,17.52777777777778,0.7944444444444444,Average
2.88,1932,36.7,20.38888888888889,1.5999999999999999,Average
-4.14,1932,37.36,20.755555555555556,-2.3,Average
0.55,1932,51.6,28.666666666666668,0.3055555555555556,Average
0.31,1932,60.51,33.61666666666667,0.17222222222222222,Average
0.75,1932,69.24,38.46666666666666,0.41666666666666663,Average
0.49,1932,74.1,41.166666666666664,0.2722222222222222,Average
0.47,1932,72.57,40.31666666666666,0.26111111111111107,Average
-0.17,1932,64.69,35.93888888888889,-0.09444444444444444,Average
-1.79,1932,52.32,29.066666666666666,-0.9944444444444445,Average
-0.94,1932,40.75,22.63888888888889,-0.5222222222222221,Average
-3.27,1932,29.41,16.33888888888889,-1.8166666666666667,Average
4.18,1933,34.3,19.055555555555554,2.322222222222222,Average
-4.23,1933,29.59,16.43888888888889,-2.35,Average
0.33,1933,41.83,23.238888888888887,0.18333333333333335,Average
-1.21,1933,49.84,27.68888888888889,-0.6722222222222222,Average
-0.37,1933,59.83,33.23888888888889,-0.20555555555555555,Average
3.07,1933,71.56,39.75555555555555,1.7055555555555555,Average
1.52,1933,75.13,41.73888888888889,0.8444444444444444,Average
-0.18,1933,71.92,39.955555555555556,-0.09999999999999999,Average
2.87,1933,67.73,37.62777777777778,1.5944444444444446,Average
1.09,1933,55.2,30.666666666666668,0.6055555555555556,Average
0.84,1933,42.53,23.627777777777776,0.4666666666666666,Average
3.75,1933,36.43,20.238888888888887,2.0833333333333335,Average
4.96,1934,35.08,19.488888888888887,2.7555555555555555,Average
0.5,1934,34.32,19.066666666666666,0.2777777777777778,Average
1.28,1934,42.78,23.766666666666666,0.7111111111111111,Average
2.69,1934,53.74,29.855555555555554,1.4944444444444445,Average
4.51,1934,64.71,35.949999999999996,2.5055555555555555,Average
2.19,1934,70.68,39.26666666666667,1.2166666666666666,Average
2.76,1934,76.37,42.42777777777778,1.5333333333333332,Average
1.43,1934,73.53,40.85,0.7944444444444444,Average
-1.02,1934,63.84,35.46666666666667,-0.5666666666666667,Average
2.41,1934,56.52,31.400000000000002,1.338888888888889,Average
3.32,1934,45.01,25.005555555555553,1.8444444444444443,Average
-0.01,1934,32.67,18.150000000000002,-0.005555555555555556,Average
1.39,1935,31.51,17.505555555555556,0.7722222222222221,Average
2.19,1935,36.01,20.005555555555553,1.2166666666666666,Average
2.11,1935,43.61,24.227777777777778,1.172222222222222,Average
-1.34,1935,49.71,27.616666666666667,-0.7444444444444445,Average
-2.87,1935,57.33,31.849999999999998,-1.5944444444444446,Average
-0.85,1935,67.64,37.577777777777776,-0.4722222222222222,Average
1.52,1935,75.13,41.73888888888889,0.8444444444444444,Average
0.89,1935,72.99,40.55,0.49444444444444446,Average
-0.06,1935,64.8,36,-0.03333333333333333,Average
-0.31,1935,53.8,29.888888888888886,-0.17222222222222222,Average
-2.2,1935,39.49,21.93888888888889,-1.2222222222222223,Average
-1.94,1935,30.74,17.077777777777776,-1.0777777777777777,Average
-2.76,1936,27.36,15.2,-1.5333333333333332,Average
-8.59,1936,25.23,14.016666666666666,-4.772222222222222,Average
1.93,1936,43.43,24.127777777777776,1.0722222222222222,Average
-0.83,1936,50.22,27.9,-0.4611111111111111,Average
3.26,1936,63.46,35.25555555555555,1.811111111111111,Average
2.12,1936,70.61,39.227777777777774,1.1777777777777778,Average
3.19,1936,76.8,42.666666666666664,1.7722222222222221,Average
2.49,1936,74.59,41.43888888888889,1.3833333333333335,Average
1.5,1936,66.36,36.86666666666667,0.8333333333333333,Average
-0.62,1936,53.49,29.71666666666667,-0.34444444444444444,Average
-1.88,1936,39.81,22.116666666666667,-1.0444444444444443,Average
1.79,1936,34.47,19.15,0.9944444444444445,Average
-5.28,1937,24.84,13.799999999999999,-2.9333333333333336,Average
-2.09,1937,31.73,17.627777777777776,-1.161111111111111,Average
-2.66,1937,38.84,21.57777777777778,-1.4777777777777779,Average
-0.94,1937,50.11,27.83888888888889,-0.5222222222222221,Average
1.73,1937,61.93,34.40555555555555,0.961111111111111,Average
0.3,1937,68.79,38.21666666666667,0.16666666666666666,Average
0.98,1937,74.59,41.43888888888889,0.5444444444444444,Average
2.56,1937,74.66,41.477777777777774,1.4222222222222223,Average
0.84,1937,65.7,36.5,0.4666666666666666,Average
-0.22,1937,53.89,29.93888888888889,-0.12222222222222222,Average
-0.87,1937,40.82,22.677777777777777,-0.48333333333333334,Average
0.02,1937,32.7,18.166666666666668,0.011111111111111112,Average
2.02,1938,32.14,17.855555555555554,1.1222222222222222,Average
2.18,1938,36,20,1.2111111111111112,Average
3.51,1938,45.01,25.005555555555553,1.9499999999999997,Average
0.68,1938,51.73,28.738888888888887,0.37777777777777777,Average
-0.35,1938,59.85,33.25,-0.19444444444444442,Average
0.28,1938,68.77,38.205555555555556,0.15555555555555556,Average
0.17,1938,73.78,40.98888888888889,0.09444444444444444,Average
1.62,1938,73.72,40.955555555555556,0.9,Average
1.77,1938,66.63,37.016666666666666,0.9833333333333333,Average
2.3,1938,56.41,31.338888888888885,1.2777777777777777,Average
-1.75,1938,39.94,22.188888888888886,-0.9722222222222222,Average
1.53,1938,34.21,19.005555555555556,0.85,Average
3.79,1939,33.91,18.838888888888885,2.1055555555555556,Average
-3.84,1939,29.98,16.655555555555555,-2.1333333333333333,Average
1.01,1939,42.51,23.616666666666664,0.5611111111111111,Average
0.48,1939,51.53,28.627777777777776,0.26666666666666666,Average
2.51,1939,62.71,34.83888888888889,1.3944444444444444,Average
0.37,1939,68.86,38.25555555555555,0.20555555555555555,Average
1.27,1939,74.88,41.599999999999994,0.7055555555555556,Average
0.54,1939,72.64,40.355555555555554,0.3,Average
2.51,1939,67.37,37.42777777777778,1.3944444444444444,Average
0.61,1939,54.72,30.4,0.33888888888888885,Average
0.61,1939,42.3,23.499999999999996,0.33888888888888885,Average
5.04,1939,37.72,20.955555555555556,2.8,Average
-6.29,1940,23.83,13.238888888888887,-3.4944444444444445,Average
0.03,1940,33.85,18.805555555555557,0.016666666666666666,Average
0.02,1940,41.52,23.066666666666666,0.011111111111111112,Average
-0.82,1940,50.23,27.90555555555555,-0.4555555555555555,Average
0.65,1940,60.85,33.80555555555556,0.3611111111111111,Average
1.11,1940,69.6,38.666666666666664,0.6166666666666667,Average
0.53,1940,74.14,41.18888888888889,0.29444444444444445,Average
0.04,1940,72.14,40.077777777777776,0.022222222222222223,Average
0.49,1940,65.35,36.30555555555555,0.2722222222222222,Average
1.97,1940,56.08,31.155555555555555,1.0944444444444443,Average
-2.69,1940,39,21.666666666666668,-1.4944444444444445,Average
3.37,1940,36.05,20.027777777777775,1.8722222222222222,Average
2.08,1941,32.2,17.88888888888889,1.1555555555555557,Average
-0.29,1941,33.53,18.627777777777776,-0.1611111111111111,Average
-2.3,1941,39.2,21.77777777777778,-1.2777777777777777,Average
0.97,1941,52.02,28.900000000000002,0.5388888888888889,Average
2.13,1941,62.33,34.62777777777777,1.1833333333333333,Average
-0.69,1941,67.8,37.666666666666664,-0.3833333333333333,Average
0.37,1941,73.98,41.1,0.20555555555555555,Average
-0.03,1941,72.07,40.038888888888884,-0.016666666666666666,Average
-0.33,1941,64.53,35.85,-0.18333333333333335,Average
1.09,1941,55.2,30.666666666666668,0.6055555555555556,Average
1.22,1941,42.91,23.838888888888885,0.6777777777777777,Average
3.44,1941,36.12,20.066666666666666,1.911111111111111,Average
-0.28,1942,29.84,16.577777777777776,-0.15555555555555556,Average
-3.08,1942,30.74,17.077777777777776,-1.711111111111111,Average
-0.19,1942,41.31,22.95,-0.10555555555555556,Average
2.01,1942,53.06,29.477777777777778,1.1166666666666665,Average
-1.11,1942,59.09,32.827777777777776,-0.6166666666666667,Average
-0.58,1942,67.91,37.727777777777774,-0.3222222222222222,Average
0.35,1942,73.96,41.08888888888888,0.19444444444444442,Average
-0.32,1942,71.78,39.87777777777778,-0.17777777777777778,Average
-1.2,1942,63.66,35.36666666666667,-0.6666666666666666,Average
0.46,1942,54.57,30.316666666666666,0.25555555555555554,Average
1.47,1942,43.16,23.977777777777774,0.8166666666666667,Average
0.29,1942,32.97,18.316666666666666,0.1611111111111111,Average
-0.71,1943,29.41,16.33888888888889,-0.39444444444444443,Average
2.46,1943,36.28,20.155555555555555,1.3666666666666667,Average
-3,1943,38.5,21.38888888888889,-1.6666666666666665,Average
1.83,1943,52.88,29.37777777777778,1.0166666666666666,Average
-0.48,1943,59.72,33.17777777777778,-0.26666666666666666,Average
0.28,1943,68.77,38.205555555555556,0.15555555555555556,Average
0.65,1943,74.26,41.25555555555556,0.3611111111111111,Average
1.35,1943,73.45,40.80555555555556,0.75,Average
-0.53,1943,64.33,35.73888888888889,-0.29444444444444445,Average
-0.42,1943,53.69,29.827777777777776,-0.2333333333333333,Average
-0.78,1943,40.91,22.727777777777774,-0.43333333333333335,Average
-0.09,1943,32.59,18.105555555555558,-0.049999999999999996,Average
1.9,1944,32.02,17.78888888888889,1.0555555555555556,Average
0.68,1944,34.5,19.166666666666668,0.37777777777777777,Average
-3,1944,38.5,21.38888888888889,-1.6666666666666665,Average
-2.08,1944,48.97,27.205555555555556,-1.1555555555555557,Average
1.82,1944,62.02,34.455555555555556,1.011111111111111,Average
-0.13,1944,68.36,37.977777777777774,-0.07222222222222223,Average
-0.82,1944,72.79,40.43888888888889,-0.4555555555555555,Average
0,1944,72.1,40.05555555555555,0,Average
0.4,1944,65.26,36.25555555555556,0.22222222222222224,Average
1.16,1944,55.27,30.705555555555556,0.6444444444444444,Average
-0.19,1944,41.5,23.055555555555554,-0.10555555555555556,Average
-2.01,1944,30.67,17.038888888888888,-1.1166666666666665,Average
0.37,1945,30.49,16.938888888888886,0.20555555555555555,Average
1.46,1945,35.28,19.6,0.8111111111111111,Average
4.04,1945,45.54,25.299999999999997,2.2444444444444445,Average
-0.83,1945,50.22,27.9,-0.4611111111111111,Average
-1.92,1945,58.28,32.37777777777778,-1.0666666666666667,Average
-2.61,1945,65.88,36.599999999999994,-1.45,Average
-0.68,1945,72.93,40.51666666666667,-0.37777777777777777,Average
0.06,1945,72.16,40.08888888888889,0.03333333333333333,Average
0.13,1945,64.99,36.105555555555554,0.07222222222222223,Average
0.03,1945,54.14,30.077777777777776,0.016666666666666666,Average
0.32,1945,42.01,23.33888888888889,0.17777777777777778,Average
-3.6,1945,29.08,16.155555555555555,-2,Average
1.27,1946,31.39,17.43888888888889,0.7055555555555556,Average
1.06,1946,34.88,19.37777777777778,0.5888888888888889,Average
5.28,1946,46.78,25.988888888888887,2.9333333333333336,Average
3.56,1946,54.61,30.33888888888889,1.9777777777777779,Average
-1.45,1946,58.75,32.638888888888886,-0.8055555555555555,Average
-0.17,1946,68.32,37.95555555555555,-0.09444444444444444,Average
0.24,1946,73.85,41.02777777777777,0.13333333333333333,Average
-0.93,1946,71.17,39.53888888888889,-0.5166666666666667,Average
-0.32,1946,64.54,35.85555555555556,-0.17777777777777778,Average
-0.96,1946,53.15,29.527777777777775,-0.5333333333333333,Average
0.05,1946,41.74,23.18888888888889,0.02777777777777778,Average
3.5,1946,36.18,20.099999999999998,1.9444444444444444,Average
1.66,1947,31.78,17.655555555555555,0.9222222222222222,Average
-2.41,1947,31.41,17.45,-1.338888888888889,Average
-2.75,1947,38.75,21.52777777777778,-1.5277777777777777,Average
-0.1,1947,50.95,28.305555555555557,-0.05555555555555556,Average
-0.07,1947,60.13,33.40555555555556,-0.03888888888888889,Average
-1.77,1947,66.72,37.06666666666666,-0.9833333333333333,Average
-0.8,1947,72.81,40.45,-0.4444444444444445,Average
1.98,1947,74.08,41.15555555555555,1.0999999999999999,Average
1.68,1947,66.54,36.96666666666667,0.9333333333333332,Average
4.69,1947,58.8,32.666666666666664,2.6055555555555556,Average
-3.59,1947,38.1,21.166666666666668,-1.9944444444444442,Average
0.24,1947,32.92,18.288888888888888,0.13333333333333333,Average
-2.24,1948,27.88,15.488888888888887,-1.2444444444444445,Average
-2.2,1948,31.62,17.566666666666666,-1.2222222222222223,Average
-2.79,1948,38.71,21.505555555555556,-1.55,Average
2.3,1948,53.35,29.63888888888889,1.2777777777777777,Average
0.04,1948,60.24,33.46666666666667,0.022222222222222223,Average
0.27,1948,68.76,38.2,0.15,Average
-0.35,1948,73.26,40.7,-0.19444444444444442,Average
-0.05,1948,72.05,40.02777777777778,-0.02777777777777778,Average
1.21,1948,66.07,36.70555555555555,0.6722222222222222,Average
-0.92,1948,53.19,29.549999999999997,-0.5111111111111111,Average
-0.1,1948,41.59,23.105555555555558,-0.05555555555555556,Average
-0.1,1948,32.58,18.099999999999998,-0.05555555555555556,Average
-4.2,1949,25.92,14.4,-2.3333333333333335,Average
-1.91,1949,31.91,17.727777777777778,-1.0611111111111111,Average
-0.73,1949,40.77,22.650000000000002,-0.40555555555555556,Average
1.02,1949,52.07,28.927777777777777,0.5666666666666667,Average
1.52,1949,61.72,34.288888888888884,0.8444444444444444,Average
0.75,1949,69.24,38.46666666666666,0.41666666666666663,Average
0.6,1949,74.21,41.227777777777774,0.3333333333333333,Average
0,1949,72.1,40.05555555555555,0,Average
-1.13,1949,63.73,35.40555555555555,-0.6277777777777777,Average
-0.06,1949,54.05,30.027777777777775,-0.03333333333333333,Average
3.58,1949,45.27,25.150000000000002,1.988888888888889,Average
0.58,1949,33.26,18.477777777777778,0.3222222222222222,Average
0.31,1950,30.43,16.905555555555555,0.17222222222222222,Average
1.73,1950,35.55,19.749999999999996,0.961111111111111,Average
-2.66,1950,38.84,21.57777777777778,-1.4777777777777779,Average
-2.4,1950,48.65,27.027777777777775,-1.3333333333333333,Average
-0.75,1950,59.45,33.02777777777778,-0.41666666666666663,Average
-0.56,1950,67.93,37.738888888888894,-0.3111111111111111,Average
-2.39,1950,71.22,39.56666666666666,-1.3277777777777777,Average
-2.08,1950,70.02,38.9,-1.1555555555555557,Average
-1.36,1950,63.5,35.27777777777778,-0.7555555555555555,Average
3.36,1950,57.47,31.927777777777777,1.8666666666666665,Average
-1.05,1950,40.64,22.57777777777778,-0.5833333333333334,Average
0.33,1950,33.01,18.33888888888889,0.18333333333333335,Average
0.08,1951,30.2,16.77777777777778,0.044444444444444446,Average
0.72,1951,34.54,19.188888888888886,0.39999999999999997,Average
-2.95,1951,38.55,21.416666666666664,-1.6388888888888888,Average
-1.32,1951,49.73,27.627777777777776,-0.7333333333333334,Average
0.56,1951,60.76,33.75555555555555,0.3111111111111111,Average
-1.84,1951,66.65,37.02777777777778,-1.0222222222222221,Average
0.08,1951,73.69,40.93888888888889,0.044444444444444446,Average
-0.21,1951,71.89,39.93888888888889,-0.11666666666666665,Average
-0.77,1951,64.09,35.605555555555554,-0.42777777777777776,Average
-0.11,1951,54,30,-0.06111111111111111,Average
-3.61,1951,38.08,21.155555555555555,-2.0055555555555555,Average
-1.45,1951,31.23,17.35,-0.8055555555555555,Average
1.88,1952,32,17.77777777777778,1.0444444444444443,Average
1.64,1952,35.46,19.7,0.911111111111111,Average
-3.81,1952,37.69,20.938888888888886,-2.1166666666666667,Average
0.61,1952,51.66,28.699999999999996,0.33888888888888885,Average
0.38,1952,60.58,33.65555555555555,0.2111111111111111,Average
2.26,1952,70.75,39.30555555555556,1.2555555555555553,Average
0.49,1952,74.1,41.166666666666664,0.2722222222222222,Average
0.72,1952,72.82,40.45555555555555,0.39999999999999997,Average
1.03,1952,65.89,36.605555555555554,0.5722222222222222,Average
-1.16,1952,52.95,29.416666666666668,-0.6444444444444444,Average
-1.77,1952,39.92,22.177777777777777,-0.9833333333333333,Average
0.76,1952,33.44,18.577777777777776,0.4222222222222222,Average
6.31,1953,36.43,20.238888888888887,3.505555555555555,Average
2.05,1953,35.87,19.927777777777777,1.1388888888888888,Average
2.25,1953,43.75,24.305555555555554,1.25,Average
-2.29,1953,48.76,27.08888888888889,-1.2722222222222221,Average
-1.02,1953,59.18,32.87777777777778,-0.5666666666666667,Average
1.69,1953,70.18,38.988888888888894,0.9388888888888889,Average
0.56,1953,74.17,41.205555555555556,0.3111111111111111,Average
0,1953,72.1,40.05555555555555,0,Average
1.3,1953,66.16,36.75555555555555,0.7222222222222222,Average
2.1,1953,56.21,31.227777777777778,1.1666666666666667,Average
2.19,1953,43.88,24.37777777777778,1.2166666666666666,Average
1.01,1953,33.69,18.716666666666665,0.5611111111111111,Average
0.78,1954,30.9,17.166666666666664,0.43333333333333335,Average
7.59,1954,41.41,23.005555555555553,4.216666666666667,Average
-2.25,1954,39.25,21.805555555555554,-1.25,Average
3.13,1954,54.18,30.099999999999998,1.7388888888888887,Average
-1.61,1954,58.59,32.550000000000004,-0.8944444444444445,Average
0.36,1954,68.85,38.24999999999999,0.19999999999999998,Average
1.86,1954,75.47,41.92777777777778,1.0333333333333334,Average
0.08,1954,72.18,40.1,0.044444444444444446,Average
1.59,1954,66.45,36.916666666666664,0.8833333333333333,Average
0.57,1954,54.68,30.377777777777776,0.31666666666666665,Average
2.37,1954,44.06,24.477777777777778,1.3166666666666667,Average
1.23,1954,33.91,18.838888888888885,0.6833333333333333,Average
-0.77,1955,29.35,16.305555555555557,-0.42777777777777776,Average
-2.77,1955,31.05,17.25,-1.5388888888888888,Average
-1.44,1955,40.06,22.255555555555556,-0.7999999999999999,Average
1.81,1955,52.86,29.366666666666667,1.0055555555555555,Average
1.09,1955,61.29,34.05,0.6055555555555556,Average
-1.95,1955,66.54,36.96666666666667,-1.0833333333333333,Average
0.83,1955,74.44,41.355555555555554,0.4611111111111111,Average
1.77,1955,73.87,41.03888888888889,0.9833333333333333,Average
1.02,1955,65.88,36.599999999999994,0.5666666666666667,Average
0.93,1955,55.04,30.577777777777776,0.5166666666666667,Average
-3.46,1955,38.23,21.238888888888887,-1.922222222222222,Average
-0.97,1955,31.71,17.616666666666667,-0.5388888888888889,Average
0.89,1956,31.01,17.227777777777778,0.49444444444444446,Average
-1.55,1956,32.27,17.92777777777778,-0.8611111111111112,Average
-0.75,1956,40.75,22.63888888888889,-0.41666666666666663,Average
-1.68,1956,49.37,27.427777777777777,-0.9333333333333332,Average
1.57,1956,61.77,34.31666666666667,0.8722222222222222,Average
1.87,1956,70.36,39.08888888888889,1.038888888888889,Average
-0.55,1956,73.06,40.58888888888889,-0.3055555555555556,Average
-0.41,1956,71.69,39.827777777777776,-0.22777777777777775,Average
0.24,1956,65.1,36.166666666666664,0.13333333333333333,Average
2.05,1956,56.16,31.199999999999996,1.1388888888888888,Average
-1.37,1956,40.32,22.4,-0.7611111111111112,Average
3.55,1956,36.23,20.127777777777776,1.972222222222222,Average
-3.05,1957,27.07,15.038888888888888,-1.6944444444444442,Average
4.25,1957,38.07,21.15,2.361111111111111,Average
-0.23,1957,41.27,22.92777777777778,-0.12777777777777777,Average
-0.35,1957,50.7,28.166666666666668,-0.19444444444444442,Average
-0.55,1957,59.65,33.138888888888886,-0.3055555555555556,Average
0.21,1957,68.7,38.166666666666664,0.11666666666666665,Average
0.67,1957,74.28,41.266666666666666,0.37222222222222223,Average
-0.45,1957,71.65,39.80555555555556,-0.25,Average
-0.68,1957,64.18,35.65555555555556,-0.37777777777777777,Average
-2.44,1957,51.67,28.705555555555556,-1.3555555555555554,Average
-1.43,1957,40.26,22.366666666666664,-0.7944444444444444,Average
4.32,1957,37,20.555555555555554,2.4,Average
1.48,1958,31.6,17.555555555555557,0.8222222222222222,Average
-1.84,1958,31.98,17.766666666666666,-1.0222222222222221,Average
-3.83,1958,37.67,20.927777777777777,-2.1277777777777778,Average
-0.78,1958,50.27,27.927777777777777,-0.43333333333333335,Average
2.22,1958,62.42,34.67777777777778,1.2333333333333334,Average
-0.56,1958,67.93,37.738888888888894,-0.3111111111111111,Average
-0.98,1958,72.63,40.349999999999994,-0.5444444444444444,Average
1.19,1958,73.29,40.71666666666667,0.6611111111111111,Average
0.57,1958,65.43,36.35,0.31666666666666665,Average
0.62,1958,54.73,30.40555555555555,0.34444444444444444,Average
1.33,1958,43.02,23.900000000000002,0.7388888888888889,Average
-0.46,1958,32.22,17.9,-0.25555555555555554,Average
-0.62,1959,29.5,16.38888888888889,-0.34444444444444444,Average
-1.33,1959,32.49,18.05,-0.7388888888888889,Average
-0.05,1959,41.45,23.02777777777778,-0.02777777777777778,Average
0.55,1959,51.6,28.666666666666668,0.3055555555555556,Average
0.64,1959,60.84,33.800000000000004,0.35555555555555557,Average
1.47,1959,69.96,38.86666666666666,0.8166666666666667,Average
-0.03,1959,73.58,40.87777777777777,-0.016666666666666666,Average
1.07,1959,73.17,40.65,0.5944444444444444,Average
-0.12,1959,64.74,35.96666666666666,-0.06666666666666667,Average
-0.78,1959,53.33,29.627777777777776,-0.43333333333333335,Average
-3.03,1959,38.66,21.477777777777774,-1.6833333333333331,Average
3.26,1959,35.94,19.966666666666665,1.811111111111111,Average
-0.66,1960,29.46,16.366666666666667,-0.3666666666666667,Average
-3.3,1960,30.52,16.955555555555556,-1.8333333333333333,Average
-5.59,1960,35.91,19.95,-3.105555555555555,Average
1.54,1960,52.59,29.21666666666667,0.8555555555555555,Average
-0.89,1960,59.31,32.95,-0.49444444444444446,Average
0.59,1960,69.08,38.37777777777777,0.3277777777777778,Average
0.28,1960,73.89,41.05,0.15555555555555556,Average
0.11,1960,72.21,40.11666666666666,0.06111111111111111,Average
1.59,1960,66.45,36.916666666666664,0.8833333333333333,Average
0.66,1960,54.77,30.427777777777777,0.3666666666666667,Average
1.04,1960,42.73,23.738888888888887,0.5777777777777778,Average
-2.28,1960,30.4,16.88888888888889,-1.2666666666666666,Average
-0.41,1961,29.71,16.505555555555556,-0.22777777777777775,Average
3.6,1961,37.42,20.788888888888888,2,Average
1.97,1961,43.47,24.15,1.0944444444444443,Average
-2.38,1961,48.67,27.038888888888888,-1.3222222222222222,Average
-1.33,1961,58.87,32.705555555555556,-0.7388888888888889,Average
1,1961,69.49,38.605555555555554,0.5555555555555556,Average
-0.37,1961,73.24,40.68888888888888,-0.20555555555555555,Average
0.6,1961,72.7,40.38888888888889,0.3333333333333333,Average
-1.45,1961,63.41,35.227777777777774,-0.8055555555555555,Average
-0.26,1961,53.85,29.916666666666668,-0.14444444444444446,Average
-1.19,1961,40.5,22.5,-0.6611111111111111,Average
-1.6,1961,31.08,17.266666666666666,-0.888888888888889,Average
-3.16,1962,26.96,14.977777777777778,-1.7555555555555555,Average
1.1,1962,34.92,19.400000000000002,0.6111111111111112,Average
-3.6,1962,37.9,21.055555555555554,-2,Average
0.79,1962,51.84,28.8,0.4388888888888889,Average
2.04,1962,62.24,34.577777777777776,1.1333333333333333,Average
-0.58,1962,67.91,37.727777777777774,-0.3222222222222222,Average
-1.54,1962,72.07,40.038888888888884,-0.8555555555555555,Average
0.02,1962,72.12,40.06666666666667,0.011111111111111112,Average
-0.68,1962,64.18,35.65555555555556,-0.37777777777777777,Average
2.01,1962,56.12,31.177777777777777,1.1166666666666665,Average
1.49,1962,43.18,23.988888888888887,0.8277777777777777,Average
0.72,1962,33.4,18.555555555555554,0.39999999999999997,Average
-5.68,1963,24.44,13.577777777777778,-3.1555555555555554,Average
0.3,1963,34.12,18.955555555555552,0.16666666666666666,Average
2.22,1963,43.72,24.288888888888888,1.2333333333333334,Average
0.84,1963,51.89,28.827777777777776,0.4666666666666666,Average
0.82,1963,61.02,33.9,0.4555555555555555,Average
0.18,1963,68.67,38.15,0.09999999999999999,Average
-0.01,1963,73.6,40.888888888888886,-0.005555555555555556,Average
-0.12,1963,71.98,39.98888888888889,-0.06666666666666667,Average
1.48,1963,66.34,36.855555555555554,0.8222222222222222,Average
5.25,1963,59.36,32.977777777777774,2.9166666666666665,Average
2.35,1963,44.04,24.466666666666665,1.3055555555555556,Average
-4.78,1963,27.9,15.499999999999998,-2.6555555555555554,Average
1.41,1964,31.53,17.516666666666666,0.7833333333333332,Average
-2.05,1964,31.77,17.65,-1.1388888888888888,Average
-2.68,1964,38.82,21.566666666666666,-1.488888888888889,Average
0.25,1964,51.3,28.499999999999996,0.1388888888888889,Average
1.23,1964,61.43,34.12777777777778,0.6833333333333333,Average
-0.49,1964,68,37.77777777777778,-0.2722222222222222,Average
1.05,1964,74.66,41.477777777777774,0.5833333333333334,Average
-1.38,1964,70.72,39.288888888888884,-0.7666666666666666,Average
-1.16,1964,63.7,35.38888888888889,-0.6444444444444444,Average
-0.33,1964,53.78,29.877777777777776,-0.18333333333333335,Average
0.64,1964,42.33,23.516666666666666,0.35555555555555557,Average
-0.64,1964,32.04,17.8,-0.35555555555555557,Average
1.68,1965,31.8,17.666666666666668,0.9333333333333332,Average
-1.3,1965,32.52,18.066666666666666,-0.7222222222222222,Average
-6.06,1965,35.44,19.688888888888886,-3.3666666666666663,Average
0.84,1965,51.89,28.827777777777776,0.4666666666666666,Average
0.6,1965,60.8,33.77777777777778,0.3333333333333333,Average
-1.64,1965,66.85,37.138888888888886,-0.911111111111111,Average
-1,1965,72.61,40.33888888888889,-0.5555555555555556,Average
-1.04,1965,71.06,39.47777777777778,-0.5777777777777778,Average
-3.09,1965,61.77,34.31666666666667,-1.7166666666666666,Average
0.88,1965,54.99,30.55,0.4888888888888889,Average
2.96,1965,44.65,24.805555555555554,1.6444444444444444,Average
3.17,1965,35.85,19.916666666666668,1.761111111111111,Average
-3.74,1966,26.38,14.655555555555555,-2.077777777777778,Average
-2.58,1966,31.24,17.355555555555554,-1.4333333333333333,Average
1.5,1966,43,23.88888888888889,0.8333333333333333,Average
-1.09,1966,49.96,27.755555555555556,-0.6055555555555556,Average
-0.01,1966,60.19,33.43888888888889,-0.005555555555555556,Average
-0.56,1966,67.93,37.738888888888894,-0.3111111111111111,Average
1.46,1966,75.07,41.70555555555555,0.8111111111111111,Average
-1.24,1966,70.86,39.36666666666667,-0.6888888888888889,Average
-0.32,1966,64.54,35.85555555555556,-0.17777777777777778,Average
-1.28,1966,52.83,29.349999999999998,-0.7111111111111111,Average
1.52,1966,43.21,24.005555555555556,0.8444444444444444,Average
0,1966,32.68,18.155555555555555,0,Average
2.98,1967,33.1,18.38888888888889,1.6555555555555554,Average
-0.94,1967,32.88,18.26666666666667,-0.5222222222222221,Average
2.13,1967,43.63,24.23888888888889,1.1833333333333333,Average
-0.04,1967,51.01,28.33888888888889,-0.022222222222222223,Average
-2.57,1967,57.63,32.016666666666666,-1.4277777777777776,Average
-0.94,1967,67.55,37.52777777777778,-0.5222222222222221,Average
-1.09,1967,72.52,40.288888888888884,-0.6055555555555556,Average
-0.88,1967,71.22,39.56666666666666,-0.4888888888888889,Average
-0.8,1967,64.06,35.58888888888889,-0.4444444444444445,Average
-0.19,1967,53.92,29.955555555555556,-0.10555555555555556,Average
-0.15,1967,41.54,23.077777777777776,-0.08333333333333333,Average
-0.61,1967,32.07,17.816666666666666,-0.33888888888888885,Average
-1.18,1968,28.94,16.07777777777778,-0.6555555555555556,Average
-0.9,1968,32.92,18.288888888888888,-0.5,Average
2.06,1968,43.56,24.2,1.1444444444444444,Average
-0.47,1968,50.58,28.099999999999998,-0.26111111111111107,Average
-2.03,1968,58.17,32.31666666666667,-1.1277777777777775,Average
0.01,1968,68.5,38.05555555555556,0.005555555555555556,Average
-0.75,1968,72.86,40.477777777777774,-0.41666666666666663,Average
-1.51,1968,70.59,39.21666666666667,-0.8388888888888889,Average
-0.96,1968,63.9,35.5,-0.5333333333333333,Average
0.53,1968,54.64,30.355555555555554,0.29444444444444445,Average
-0.55,1968,41.14,22.855555555555554,-0.3055555555555556,Average
-2.64,1968,30.04,16.688888888888886,-1.4666666666666668,Average
-0.75,1969,29.37,16.316666666666666,-0.41666666666666663,Average
-1.01,1969,32.81,18.227777777777778,-0.5611111111111111,Average
-5.47,1969,36.03,20.016666666666666,-3.0388888888888888,Average
1.58,1969,52.63,29.23888888888889,0.8777777777777778,Average
1.21,1969,61.41,34.11666666666667,0.6722222222222222,Average
-1.66,1969,66.83,37.12777777777777,-0.9222222222222222,Average
0.49,1969,74.1,41.166666666666664,0.2722222222222222,Average
1.12,1969,73.22,40.67777777777778,0.6222222222222222,Average
0.69,1969,65.55,36.416666666666664,0.3833333333333333,Average
-3.08,1969,51.03,28.35,-1.711111111111111,Average
-0.1,1969,41.59,23.105555555555558,-0.05555555555555556,Average
0.78,1969,33.46,18.58888888888889,0.43333333333333335,Average
-2.98,1970,27.14,15.077777777777778,-1.6555555555555554,Average
1.53,1970,35.35,19.63888888888889,0.85,Average
-3,1970,38.5,21.38888888888889,-1.6666666666666665,Average
-1.61,1970,49.44,27.466666666666665,-0.8944444444444445,Average
0.87,1970,61.07,33.92777777777778,0.48333333333333334,Average
0.25,1970,68.74,38.18888888888888,0.1388888888888889,Average
0.35,1970,73.96,41.08888888888888,0.19444444444444442,Average
1.28,1970,73.38,40.766666666666666,0.7111111111111111,Average
-0.28,1970,64.58,35.87777777777777,-0.15555555555555556,Average
-1.84,1970,52.27,29.03888888888889,-1.0222222222222221,Average
-0.38,1970,41.31,22.95,-0.2111111111111111,Average
0.9,1970,33.58,18.655555555555555,0.5,Average
-0.71,1971,29.41,16.33888888888889,-0.39444444444444443,Average
-0.34,1971,33.48,18.599999999999998,-0.18888888888888888,Average
-1.85,1971,39.65,22.027777777777775,-1.027777777777778,Average
-0.78,1971,50.27,27.927777777777777,-0.43333333333333335,Average
-1.94,1971,58.26,32.36666666666667,-1.0777777777777777,Average
0.95,1971,69.44,38.577777777777776,0.5277777777777778,Average
-1.25,1971,72.36,40.199999999999996,-0.6944444444444444,Average
-0.09,1971,72.01,40.00555555555556,-0.049999999999999996,Average
-0.53,1971,64.33,35.73888888888889,-0.29444444444444445,Average
0.97,1971,55.08,30.599999999999998,0.5388888888888889,Average
-0.08,1971,41.61,23.116666666666667,-0.044444444444444446,Average
1.3,1971,33.98,18.877777777777776,0.7222222222222222,Average
-0.19,1972,29.93,16.627777777777776,-0.10555555555555556,Average
-0.27,1972,33.55,18.638888888888886,-0.15,Average
2.54,1972,44.04,24.466666666666665,1.4111111111111112,Average
-0.24,1972,50.81,28.227777777777778,-0.13333333333333333,Average
0.33,1972,60.53,33.62777777777778,0.18333333333333335,Average
-0.27,1972,68.22,37.9,-0.15,Average
-1.43,1972,72.18,40.1,-0.7944444444444444,Average
-0.43,1972,71.67,39.81666666666667,-0.23888888888888887,Average
-0.42,1972,64.44,35.8,-0.2333333333333333,Average
-1.82,1972,52.29,29.049999999999997,-1.011111111111111,Average
-2.76,1972,38.93,21.627777777777776,-1.5333333333333332,Average
-2.82,1972,29.86,16.58888888888889,-1.5666666666666664,Average
-0.53,1973,29.59,16.43888888888889,-0.29444444444444445,Average
-0.24,1973,33.58,18.655555555555555,-0.13333333333333333,Average
2.79,1973,44.29,24.605555555555554,1.55,Average
-2.22,1973,48.83,27.127777777777776,-1.2333333333333334,Average
-0.97,1973,59.23,32.90555555555555,-0.5388888888888889,Average
0.46,1973,68.95,38.30555555555556,0.25555555555555554,Average
-0.35,1973,73.26,40.7,-0.19444444444444442,Average
0.51,1973,72.61,40.33888888888889,0.2833333333333333,Average
-0.46,1973,64.4,35.77777777777778,-0.25555555555555554,Average
1.96,1973,56.07,31.15,1.0888888888888888,Average
1.24,1973,42.93,23.849999999999998,0.6888888888888889,Average
1.03,1973,33.71,18.727777777777778,0.5722222222222222,Average
0.89,1974,31.01,17.227777777777778,0.49444444444444446,Average
0.92,1974,34.74,19.3,0.5111111111111111,Average
2.88,1974,44.38,24.655555555555555,1.5999999999999999,Average
0.5,1974,51.55,28.638888888888886,0.2777777777777778,Average
0.17,1974,60.37,33.538888888888884,0.09444444444444444,Average
0,1974,68.49,38.05,0,Average
0.47,1974,74.08,41.15555555555555,0.26111111111111107,Average
-1.8,1974,70.3,39.05555555555555,-1,Average
-2.55,1974,62.31,34.61666666666667,-1.4166666666666665,Average
-0.22,1974,53.89,29.93888888888889,-0.12222222222222222,Average
0.7,1974,42.39,23.55,0.38888888888888884,Average
0.98,1974,33.66,18.7,0.5444444444444444,Average
2.22,1975,32.34,17.96666666666667,1.2333333333333334,Average
-1.06,1975,32.76,18.2,-0.5888888888888889,Average
-2.8,1975,38.7,21.5,-1.5555555555555554,Average
-4.2,1975,46.85,26.02777777777778,-2.3333333333333335,Average
0.15,1975,60.35,33.52777777777778,0.08333333333333333,Average
-0.98,1975,67.51,37.50555555555556,-0.5444444444444444,Average
-0.05,1975,73.56,40.86666666666667,-0.02777777777777778,Average
-0.57,1975,71.53,39.73888888888889,-0.31666666666666665,Average
-1.97,1975,62.89,34.93888888888889,-1.0944444444444443,Average
0.52,1975,54.63,30.35,0.2888888888888889,Average
0.91,1975,42.6,23.666666666666668,0.5055555555555555,Average
1.61,1975,34.29,19.05,0.8944444444444445,Average
-0.19,1976,29.93,16.627777777777776,-0.10555555555555556,Average
5.74,1976,39.56,21.977777777777778,3.188888888888889,Average
0.81,1976,42.31,23.505555555555556,0.45,Average
0.8,1976,51.85,28.805555555555557,0.4444444444444445,Average
-1.16,1976,59.04,32.8,-0.6444444444444444,Average
-0.69,1976,67.8,37.666666666666664,-0.3833333333333333,Average
-0.71,1976,72.9,40.5,-0.39444444444444443,Average
-1.44,1976,70.66,39.25555555555555,-0.7999999999999999,Average
-0.68,1976,64.18,35.65555555555556,-0.37777777777777777,Average
-4.11,1976,50,27.77777777777778,-2.2833333333333337,Average
-3.21,1976,38.48,21.377777777777776,-1.7833333333333332,Average
-1.76,1976,30.92,17.177777777777777,-0.9777777777777777,Average
-7.03,1977,23.09,12.827777777777778,-3.9055555555555554,Average
2.21,1977,36.03,20.016666666666666,1.2277777777777776,Average
1.68,1977,43.18,23.988888888888887,0.9333333333333332,Average
3.02,1977,54.07,30.038888888888888,1.6777777777777778,Average
1.46,1977,61.66,34.25555555555555,0.8111111111111111,Average
1.85,1977,70.34,39.077777777777776,1.027777777777778,Average
0.82,1977,74.43,41.35,0.4555555555555555,Average
-0.32,1977,71.78,39.87777777777778,-0.17777777777777778,Average
1.07,1977,65.93,36.62777777777778,0.5944444444444444,Average
-0.13,1977,53.98,29.988888888888887,-0.07222222222222223,Average
1.18,1977,42.87,23.816666666666666,0.6555555555555556,Average
0.6,1977,33.28,18.48888888888889,0.3333333333333333,Average
-4.26,1978,25.86,14.366666666666665,-2.3666666666666667,Average
-5.83,1978,27.99,15.549999999999999,-3.238888888888889,Average
-0.19,1978,41.31,22.95,-0.10555555555555556,Average
0.53,1978,51.58,28.655555555555555,0.29444444444444445,Average
-0.46,1978,59.74,33.18888888888889,-0.25555555555555554,Average
0.45,1978,68.94,38.3,0.25,Average
0.19,1978,73.8,41,0.10555555555555556,Average
-0.3,1978,71.8,39.888888888888886,-0.16666666666666666,Average
0.98,1978,65.84,36.577777777777776,0.5444444444444444,Average
0.3,1978,54.41,30.227777777777774,0.16666666666666666,Average
-0.22,1978,41.47,23.038888888888888,-0.12222222222222222,Average
-2.88,1978,29.8,16.555555555555557,-1.5999999999999999,Average
-8.22,1979,21.9,12.166666666666666,-4.566666666666667,Average
-5.69,1979,28.13,15.627777777777776,-3.1611111111111114,Average
0.56,1979,42.06,23.366666666666667,0.3111111111111111,Average
-0.91,1979,50.14,27.855555555555554,-0.5055555555555555,Average
-1.07,1979,59.13,32.85,-0.5944444444444444,Average
-0.67,1979,67.82,37.67777777777777,-0.37222222222222223,Average
-0.48,1979,73.13,40.62777777777777,-0.26666666666666666,Average
-1.13,1979,70.97,39.42777777777778,-0.6277777777777777,Average
1.23,1979,66.09,36.71666666666667,0.6833333333333333,Average
1.15,1979,55.26,30.7,0.6388888888888888,Average
-1.75,1979,39.94,22.188888888888886,-0.9722222222222222,Average
3.35,1979,36.03,20.016666666666666,1.8611111111111112,Average
1,1980,31.12,17.288888888888888,0.5555555555555556,Average
-0.97,1980,32.85,18.25,-0.5388888888888889,Average
-2.14,1980,39.36,21.866666666666667,-1.1888888888888889,Average
0.39,1980,51.44,28.577777777777776,0.21666666666666667,Average
0.08,1980,60.28,33.48888888888889,0.044444444444444446,Average
0.25,1980,68.74,38.18888888888888,0.1388888888888889,Average
2.15,1980,75.76,42.08888888888889,1.1944444444444444,Average
0.69,1980,72.79,40.43888888888889,0.3833333333333333,Average
1.38,1980,66.24,36.8,0.7666666666666666,Average
-1.52,1980,52.59,29.21666666666667,-0.8444444444444444,Average
0.62,1980,42.31,23.505555555555556,0.34444444444444444,Average
2.51,1980,35.19,19.549999999999997,1.3944444444444444,Average
2.29,1981,32.41,18.005555555555553,1.2722222222222221,Average
2.77,1981,36.59,20.32777777777778,1.5388888888888888,Average
1.35,1981,42.85,23.805555555555557,0.75,Average
4.08,1981,55.13,30.62777777777778,2.2666666666666666,Average
-1.24,1981,58.96,32.75555555555555,-0.6888888888888889,Average
1.33,1981,69.82,38.788888888888884,0.7388888888888889,Average
0.35,1981,73.96,41.08888888888888,0.19444444444444442,Average
0,1981,72.1,40.05555555555555,0,Average
0.06,1981,64.92,36.06666666666667,0.03333333333333333,Average
-1.79,1981,52.32,29.066666666666666,-0.9944444444444445,Average
3.05,1981,44.74,24.855555555555554,1.6944444444444442,Average
0.98,1981,33.66,18.7,0.5444444444444444,Average
-3.9,1982,26.22,14.566666666666666,-2.1666666666666665,Average
-1.23,1982,32.59,18.105555555555558,-0.6833333333333333,Average
0.53,1982,42.03,23.35,0.29444444444444445,Average
-2.42,1982,48.63,27.016666666666666,-1.3444444444444443,Average
0.6,1982,60.8,33.77777777777778,0.3333333333333333,Average
-2.16,1982,66.33,36.85,-1.2,Average
-0.41,1982,73.2,40.666666666666664,-0.22777777777777775,Average
-0.01,1982,72.09,40.050000000000004,-0.005555555555555556,Average
-0.82,1982,64.04,35.57777777777778,-0.4555555555555555,Average
-0.85,1982,53.26,29.58888888888889,-0.4722222222222222,Average
-0.56,1982,41.13,22.85,-0.3111111111111111,Average
3.14,1982,35.82,19.9,1.7444444444444445,Average
3,1983,33.12,18.4,1.6666666666666665,Average
3.04,1983,36.86,20.477777777777778,1.6888888888888889,Average
0.9,1983,42.4,23.555555555555554,0.5,Average
-4.04,1983,47.01,26.116666666666664,-2.2444444444444445,Average
-2.26,1983,57.94,32.18888888888889,-1.2555555555555553,Average
-1.39,1983,67.1,37.27777777777777,-0.7722222222222221,Average
0.38,1983,73.99,41.105555555555554,0.2111111111111111,Average
2.96,1983,75.06,41.7,1.6444444444444444,Average
0.73,1983,65.59,36.43888888888889,0.40555555555555556,Average
0.89,1983,55,30.555555555555554,0.49444444444444446,Average
1.34,1983,43.03,23.905555555555555,0.7444444444444445,Average
-7.21,1983,25.47,14.149999999999999,-4.0055555555555555,Average
-1.29,1984,28.83,16.016666666666666,-0.7166666666666667,Average
3.56,1984,37.38,20.76666666666667,1.9777777777777779,Average
-1.42,1984,40.08,22.266666666666666,-0.7888888888888889,Average
-1.45,1984,49.6,27.555555555555557,-0.8055555555555555,Average
-0.12,1984,60.08,33.37777777777777,-0.06666666666666667,Average
0.12,1984,68.61,38.11666666666667,0.06666666666666667,Average
-0.44,1984,73.17,40.65,-0.24444444444444444,Average
1.03,1984,73.13,40.62777777777777,0.5722222222222222,Average
-1.72,1984,63.14,35.077777777777776,-0.9555555555555555,Average
-0.51,1984,53.6,29.77777777777778,-0.2833333333333333,Average
-0.15,1984,41.54,23.077777777777776,-0.08333333333333333,Average
1.86,1984,34.54,19.188888888888886,1.0333333333333334,Average
-3.81,1985,26.31,14.616666666666665,-2.1166666666666667,Average
-2.95,1985,30.87,17.15,-1.6388888888888888,Average
1.98,1985,43.48,24.15555555555555,1.0999999999999999,Average
3.31,1985,54.36,30.2,1.8388888888888888,Average
1.88,1985,62.08,34.48888888888889,1.0444444444444443,Average
-0.38,1985,68.11,37.83888888888889,-0.2111111111111111,Average
0.44,1985,74.05,41.138888888888886,0.24444444444444444,Average
-1.08,1985,71.02,39.455555555555556,-0.6,Average
-2.13,1985,62.73,34.849999999999994,-1.1833333333333333,Average
0.19,1985,54.3,30.166666666666664,0.10555555555555556,Average
-2.18,1985,39.51,21.95,-1.2111111111111112,Average
-3.87,1985,28.81,16.005555555555553,-2.15,Average
4.56,1986,34.68,19.266666666666666,2.533333333333333,Average
2.03,1986,35.85,19.916666666666668,1.1277777777777775,Average
4.68,1986,46.18,25.655555555555555,2.5999999999999996,Average
1.81,1986,52.86,29.366666666666667,1.0055555555555555,Average
0.89,1986,61.09,33.93888888888889,0.49444444444444446,Average
1.92,1986,70.41,39.11666666666667,1.0666666666666667,Average
-0.1,1986,73.51,40.83888888888889,-0.05555555555555556,Average
-0.37,1986,71.73,39.85,-0.20555555555555555,Average
-1.16,1986,63.7,35.38888888888889,-0.6444444444444444,Average
-0.1,1986,54.01,30.005555555555553,-0.05555555555555556,Average
-0.29,1986,41.4,23,-0.1611111111111111,Average
1.75,1986,34.43,19.127777777777776,0.9722222222222222,Average
1.32,1987,31.44,17.46666666666667,0.7333333333333334,Average
3.56,1987,37.38,20.76666666666667,1.9777777777777779,Average
1.07,1987,42.57,23.65,0.5944444444444444,Average
2.48,1987,53.53,29.738888888888887,1.3777777777777778,Average
2.76,1987,62.96,34.977777777777774,1.5333333333333332,Average
1.76,1987,70.25,39.02777777777778,0.9777777777777777,Average
-0.34,1987,73.27,40.705555555555556,-0.18888888888888888,Average
-0.23,1987,71.87,39.92777777777778,-0.12777777777777777,Average
0.39,1987,65.25,36.25,0.21666666666666667,Average
-1.16,1987,52.95,29.416666666666668,-0.6444444444444444,Average
2.28,1987,43.97,24.427777777777777,1.2666666666666666,Average
1.86,1987,34.54,19.188888888888886,1.0333333333333334,Average
-2.33,1988,27.79,15.438888888888888,-1.2944444444444445,Average
-0.13,1988,33.69,18.716666666666665,-0.07222222222222223,Average
0.9,1988,42.4,23.555555555555554,0.5,Average
0.77,1988,51.82,28.788888888888888,0.42777777777777776,Average
1.01,1988,61.21,34.00555555555555,0.5611111111111111,Average
2.39,1988,70.88,39.37777777777777,1.3277777777777777,Average
1.18,1988,74.79,41.550000000000004,0.6555555555555556,Average
1.57,1988,73.67,40.92777777777778,0.8722222222222222,Average
-0.26,1988,64.6,35.888888888888886,-0.14444444444444446,Average
-0.15,1988,53.96,29.977777777777778,-0.08333333333333333,Average
1.6,1988,43.29,24.049999999999997,0.888888888888889,Average
0.78,1988,33.46,18.58888888888889,0.43333333333333335,Average
3.97,1989,34.09,18.93888888888889,2.2055555555555557,Average
-4.65,1989,29.17,16.205555555555556,-2.5833333333333335,Average
1.17,1989,42.67,23.705555555555556,0.6499999999999999,Average
1.83,1989,52.88,29.37777777777778,1.0166666666666666,Average
0.26,1989,60.46,33.58888888888889,0.14444444444444446,Average
-0.36,1989,68.13,37.849999999999994,-0.19999999999999998,Average
0.62,1989,74.23,41.23888888888889,0.34444444444444444,Average
-0.79,1989,71.31,39.61666666666667,-0.4388888888888889,Average
-0.78,1989,64.08,35.6,-0.43333333333333335,Average
0.23,1989,54.34,30.18888888888889,0.12777777777777777,Average
1.24,1989,42.93,23.849999999999998,0.6888888888888889,Average
-4.95,1989,27.73,15.405555555555555,-2.75,Average
6.38,1990,36.5,20.27777777777778,3.5444444444444443,Average
2.88,1990,36.7,20.38888888888889,1.5999999999999999,Average
3.24,1990,44.74,24.855555555555554,1.8,Average
1.47,1990,52.52,29.177777777777777,0.8166666666666667,Average
-1.34,1990,58.86,32.699999999999996,-0.7444444444444445,Average
1.74,1990,70.23,39.016666666666666,0.9666666666666667,Average
-0.35,1990,73.26,40.7,-0.19444444444444442,Average
0.18,1990,72.28,40.15555555555556,0.09999999999999999,Average
2.49,1990,67.35,37.416666666666664,1.3833333333333335,Average
-0.13,1990,53.98,29.988888888888887,-0.07222222222222223,Average
3.23,1990,44.92,24.955555555555556,1.7944444444444443,Average
-1.85,1990,30.83,17.127777777777776,-1.027777777777778,Average
-0.64,1991,29.48,16.377777777777776,-0.35555555555555557,Average
5.99,1991,39.81,22.116666666666667,3.327777777777778,Average
1.82,1991,43.32,24.066666666666666,1.011111111111111,Average
1.49,1991,52.54,29.188888888888886,0.8277777777777777,Average
1.77,1991,61.97,34.42777777777778,0.9833333333333333,Average
0.59,1991,69.08,38.37777777777777,0.3277777777777778,Average
0.28,1991,73.89,41.05,0.15555555555555556,Average
0.89,1991,72.99,40.55,0.49444444444444446,Average
0.04,1991,64.9,36.05555555555556,0.022222222222222223,Average
0.64,1991,54.75,30.416666666666664,0.35555555555555557,Average
-2.26,1991,39.43,21.905555555555555,-1.2555555555555553,Average
3.06,1991,35.74,19.855555555555558,1.7,Average
3.5,1992,33.62,18.677777777777777,1.9444444444444444,Average
5.88,1992,39.7,22.055555555555557,3.2666666666666666,Average
3.21,1992,44.71,24.83888888888889,1.7833333333333332,Average
1.49,1992,52.54,29.188888888888886,0.8277777777777777,Average
0.96,1992,61.16,33.977777777777774,0.5333333333333333,Average
-1.05,1992,67.44,37.46666666666666,-0.5833333333333334,Average
-2.39,1992,71.22,39.56666666666666,-1.3277777777777777,Average
-2.26,1992,69.84,38.800000000000004,-1.2555555555555553,Average
-0.19,1992,64.67,35.92777777777778,-0.10555555555555556,Average
0.43,1992,54.54,30.299999999999997,0.23888888888888887,Average
-1.63,1992,40.06,22.255555555555556,-0.9055555555555554,Average
-0.93,1992,31.75,17.63888888888889,-0.5166666666666667,Average
0.35,1993,30.47,16.927777777777777,0.19444444444444442,Average
-2.68,1993,31.14,17.3,-1.488888888888889,Average
0.29,1993,41.79,23.216666666666665,0.1611111111111111,Average
-1.14,1993,49.91,27.727777777777774,-0.6333333333333333,Average
0.69,1993,60.89,33.827777777777776,0.3833333333333333,Average
-1.28,1993,67.21,37.33888888888888,-0.7111111111111111,Average
-1.45,1993,72.16,40.08888888888889,-0.8055555555555555,Average
-0.21,1993,71.89,39.93888888888889,-0.11666666666666665,Average
-1.56,1993,63.3,35.166666666666664,-0.8666666666666667,Average
-1.14,1993,52.97,29.427777777777777,-0.6333333333333333,Average
-2.47,1993,39.22,21.788888888888888,-1.3722222222222222,Average
1.52,1993,34.2,19,0.8444444444444444,Average
-0.78,1994,29.34,16.3,-0.43333333333333335,Average
-1.95,1994,31.87,17.705555555555556,-1.0833333333333333,Average
3.01,1994,44.51,24.727777777777774,1.672222222222222,Average
1.61,1994,52.66,29.255555555555553,0.8944444444444445,Average
0.47,1994,60.67,33.705555555555556,0.26111111111111107,Average
2.46,1994,70.95,39.416666666666664,1.3666666666666667,Average
0.01,1994,73.62,40.9,0.005555555555555556,Average
0.11,1994,72.21,40.11666666666666,0.06111111111111111,Average
0.69,1994,65.55,36.416666666666664,0.3833333333333333,Average
0.1,1994,54.21,30.116666666666667,0.05555555555555556,Average
0.88,1994,42.57,23.65,0.4888888888888889,Average
3.55,1994,36.23,20.127777777777776,1.972222222222222,Average
2.96,1995,33.08,18.377777777777776,1.6444444444444444,Average
3.54,1995,37.36,20.755555555555556,1.9666666666666666,Average
1.84,1995,43.34,24.07777777777778,1.0222222222222221,Average
-1.64,1995,49.41,27.449999999999996,-0.911111111111111,Average
-1.56,1995,58.64,32.577777777777776,-0.8666666666666667,Average
-0.94,1995,67.55,37.52777777777778,-0.5222222222222221,Average
-0.07,1995,73.54,40.85555555555556,-0.03888888888888889,Average
2.22,1995,74.32,41.288888888888884,1.2333333333333334,Average
-0.17,1995,64.69,35.93888888888889,-0.09444444444444444,Average
0.34,1995,54.45,30.25,0.18888888888888888,Average
0.35,1995,42.04,23.355555555555554,0.19444444444444442,Average
0.74,1995,33.42,18.566666666666666,0.4111111111111111,Average
-0.42,1996,29.7,16.5,-0.2333333333333333,Average
1.87,1996,35.69,19.827777777777776,1.038888888888889,Average
-2.48,1996,39.02,21.67777777777778,-1.3777777777777778,Average
-0.4,1996,50.65,28.138888888888886,-0.22222222222222224,Average
0.78,1996,60.98,33.87777777777777,0.43333333333333335,Average
1.38,1996,69.87,38.81666666666667,0.7666666666666666,Average
0.02,1996,73.63,40.90555555555555,0.011111111111111112,Average
0.33,1996,72.43,40.238888888888894,0.18333333333333335,Average
-1.4,1996,63.46,35.25555555555555,-0.7777777777777777,Average
-0.46,1996,53.65,29.805555555555554,-0.25555555555555554,Average
-2.06,1996,39.63,22.01666666666667,-1.1444444444444444,Average
1.23,1996,33.91,18.838888888888885,0.6833333333333333,Average
-0.17,1997,29.95,16.63888888888889,-0.09444444444444444,Average
2.23,1997,36.05,20.027777777777775,1.238888888888889,Average
3.17,1997,44.67,24.816666666666666,1.761111111111111,Average
-3.14,1997,47.91,26.616666666666664,-1.7444444444444445,Average
-0.8,1997,59.4,33,-0.4444444444444445,Average
-0.18,1997,68.31,37.95,-0.09999999999999999,Average
-0.43,1997,73.18,40.65555555555556,-0.23888888888888887,Average
-0.36,1997,71.74,39.855555555555554,-0.19999999999999998,Average
1.56,1997,66.42,36.9,0.8666666666666667,Average
-0.19,1997,53.92,29.955555555555556,-0.10555555555555556,Average
-0.82,1997,40.87,22.705555555555552,-0.4555555555555555,Average
1.32,1997,34,18.88888888888889,0.7333333333333334,Average
4.87,1998,34.99,19.43888888888889,2.7055555555555557,Average
4.89,1998,38.71,21.505555555555556,2.7166666666666663,Average
-0.16,1998,41.34,22.96666666666667,-0.08888888888888889,Average
0.01,1998,51.06,28.366666666666667,0.005555555555555556,Average
2.27,1998,62.47,34.705555555555556,1.261111111111111,Average
-0.36,1998,68.13,37.849999999999994,-0.19999999999999998,Average
1.88,1998,75.49,41.93888888888888,1.0444444444444443,Average
1.93,1998,74.03,41.12777777777778,1.0722222222222222,Average
4.13,1998,68.99,38.327777777777776,2.2944444444444443,Average
1.02,1998,55.13,30.62777777777778,0.5666666666666667,Average
3.22,1998,44.91,24.949999999999996,1.788888888888889,Average
2.87,1998,35.55,19.749999999999996,1.5944444444444446,Average
3.66,1999,33.78,18.766666666666666,2.033333333333333,Average
5.67,1999,39.49,21.93888888888889,3.15,Average
1.3,1999,42.8,23.777777777777775,0.7222222222222222,Average
0.5,1999,51.55,28.638888888888886,0.2777777777777778,Average
-0.14,1999,60.06,33.36666666666667,-0.07777777777777778,Average
-0.18,1999,68.31,37.95,-0.09999999999999999,Average
0.69,1999,74.3,41.27777777777778,0.3833333333333333,Average
0.81,1999,72.91,40.50555555555555,0.45,Average
-0.51,1999,64.35,35.74999999999999,-0.2833333333333333,Average
0.64,1999,54.75,30.416666666666664,0.35555555555555557,Average
6.42,1999,48.11,26.727777777777778,3.5666666666666664,Average
3.42,1999,36.1,20.055555555555557,1.9,Average
3.45,2000,33.57,18.65,1.9166666666666667,Average
5.96,2000,39.78,22.1,3.311111111111111,Average
4.54,2000,46.04,25.577777777777776,2.522222222222222,Average
1.54,2000,52.59,29.21666666666667,0.8555555555555555,Average
2.94,2000,63.14,35.077777777777776,1.6333333333333333,Average
0.54,2000,69.03,38.35,0.3,Average
0.26,2000,73.87,41.03888888888889,0.14444444444444446,Average
1.95,2000,74.05,41.138888888888886,1.0833333333333333,Average
0.71,2000,65.57,36.42777777777777,0.39444444444444443,Average
0.98,2000,55.09,30.605555555555558,0.5444444444444444,Average
-3.66,2000,38.03,21.127777777777776,-2.033333333333333,Average
-4.24,2000,28.44,15.8,-2.3555555555555556,Average
1.23,2001,31.35,17.416666666666668,0.6833333333333333,Average
0.16,2001,33.98,18.877777777777776,0.08888888888888889,Average
-0.01,2001,41.49,23.05,-0.005555555555555556,Average
2.03,2001,53.08,29.488888888888887,1.1277777777777775,Average
2.62,2001,62.82,34.9,1.4555555555555555,Average
0.75,2001,69.24,38.46666666666666,0.41666666666666663,Average
0.87,2001,74.48,41.37777777777778,0.48333333333333334,Average
2.2,2001,74.3,41.27777777777778,1.2222222222222223,Average
0.84,2001,65.7,36.5,0.4666666666666666,Average
0.26,2001,54.37,30.205555555555552,0.14444444444444446,Average
5.72,2001,47.41,26.338888888888885,3.1777777777777776,Average
3.44,2001,36.12,20.066666666666666,1.911111111111111,Average
4.36,2002,34.48,19.155555555555555,2.4222222222222225,Average
2.57,2002,36.39,20.216666666666665,1.4277777777777776,Average
-1.96,2002,39.54,21.966666666666665,-1.0888888888888888,Average
2.44,2002,53.49,29.71666666666667,1.3555555555555554,Average
-0.91,2002,59.29,32.93888888888889,-0.5055555555555555,Average
2.37,2002,70.86,39.36666666666667,1.3166666666666667,Average
2.24,2002,75.85,42.138888888888886,1.2444444444444445,Average
0.76,2002,72.86,40.477777777777774,0.4222222222222222,Average
1.99,2002,66.85,37.138888888888886,1.1055555555555556,Average
-2.27,2002,51.84,28.8,-1.261111111111111,Average
0.28,2002,41.97,23.316666666666666,0.15555555555555556,Average
2.4,2002,35.08,19.488888888888887,1.3333333333333333,Average
2.69,2003,32.81,18.227777777777778,1.4944444444444445,Average
-1.03,2003,32.79,18.216666666666665,-0.5722222222222222,Average
1.8,2003,43.3,24.055555555555554,1,Average
0.84,2003,51.89,28.827777777777776,0.4666666666666666,Average
0.78,2003,60.98,33.87777777777777,0.43333333333333335,Average
-0.44,2003,68.05,37.80555555555555,-0.24444444444444444,Average
1.86,2003,75.47,41.92777777777778,1.0333333333333334,Average
2.56,2003,74.66,41.477777777777774,1.4222222222222223,Average
0.1,2003,64.96,36.08888888888888,0.05555555555555556,Average
2.44,2003,56.55,31.416666666666664,1.3555555555555554,Average
0.66,2003,42.35,23.52777777777778,0.3666666666666667,Average
2.61,2003,35.29,19.605555555555554,1.45,Average
0.22,2004,30.34,16.855555555555554,0.12222222222222222,Average
-0.25,2004,33.57,18.65,-0.1388888888888889,Average
5.91,2004,47.41,26.338888888888885,3.283333333333333,Average
1.63,2004,52.68,29.266666666666666,0.9055555555555554,Average
1.72,2004,61.92,34.4,0.9555555555555555,Average
-0.4,2004,68.09,37.827777777777776,-0.22222222222222224,Average
-0.71,2004,72.9,40.5,-0.39444444444444443,Average
-1.94,2004,70.16,38.977777777777774,-1.0777777777777777,Average
0.8,2004,65.66,36.477777777777774,0.4444444444444445,Average
1.25,2004,55.36,30.755555555555553,0.6944444444444444,Average
2.3,2004,43.99,24.43888888888889,1.2777777777777777,Average
2.38,2004,35.06,19.477777777777778,1.3222222222222222,Average
3.27,2005,33.39,18.55,1.8166666666666667,Average
4.12,2005,37.94,21.077777777777776,2.2888888888888888,Average
0.81,2005,42.31,23.505555555555556,0.45,Average
1.22,2005,52.27,29.03888888888889,0.6777777777777777,Average
-0.64,2005,59.56,33.08888888888889,-0.35555555555555557,Average
0.72,2005,69.21,38.449999999999996,0.39999999999999997,Average
1.7,2005,75.31,41.83888888888889,0.9444444444444444,Average
1.1,2005,73.2,40.666666666666664,0.6111111111111112,Average
2.51,2005,67.37,37.42777777777778,1.3944444444444444,Average
1.27,2005,55.38,30.766666666666666,0.7055555555555556,Average
3.32,2005,45.01,25.005555555555553,1.8444444444444443,Average
0.02,2005,32.7,18.166666666666668,0.011111111111111112,Average
8.81,2006,38.93,21.627777777777776,4.894444444444445,Average
1.01,2006,34.83,19.349999999999998,0.5611111111111111,Average
1.12,2006,42.62,23.677777777777777,0.6222222222222222,Average
4.21,2006,55.26,30.7,2.338888888888889,Average
2.08,2006,62.28,34.6,1.1555555555555557,Average
2.26,2006,70.75,39.30555555555556,1.2555555555555553,Average
2.8,2006,76.41,42.449999999999996,1.5555555555555554,Average
1.3,2006,73.4,40.77777777777778,0.7222222222222222,Average
-1.56,2006,63.3,35.166666666666664,-0.8666666666666667,Average
-1.52,2006,52.59,29.21666666666667,-0.8444444444444444,Average
2.39,2006,44.08,24.488888888888887,1.3277777777777777,Average
3.89,2006,36.57,20.316666666666666,2.161111111111111,Average
1.23,2007,31.35,17.416666666666668,0.6833333333333333,Average
-1.41,2007,32.41,18.005555555555553,-0.7833333333333332,Average
6.16,2007,47.66,26.477777777777774,3.422222222222222,Average
-0.51,2007,50.54,28.077777777777776,-0.2833333333333333,Average
2.13,2007,62.33,34.62777777777777,1.1833333333333333,Average
1.38,2007,69.87,38.81666666666667,0.7666666666666666,Average
1.09,2007,74.7,41.5,0.6055555555555556,Average
2.54,2007,74.64,41.46666666666667,1.4111111111111112,Average
1.57,2007,66.43,36.90555555555556,0.8722222222222222,Average
2.57,2007,56.68,31.488888888888887,1.4277777777777776,Average
2.32,2007,44.01,24.45,1.2888888888888888,Average
0.54,2007,33.22,18.455555555555556,0.3,Average
0.15,2008,30.27,16.816666666666666,0.08333333333333333,Average
0.88,2008,34.7,19.27777777777778,0.4888888888888889,Average
0.36,2008,41.86,23.255555555555556,0.19999999999999998,Average
-0.65,2008,50.4,28,-0.3611111111111111,Average
-0.84,2008,59.36,32.977777777777774,-0.4666666666666666,Average
1.11,2008,69.6,38.666666666666664,0.6166666666666667,Average
0.47,2008,74.08,41.15555555555555,0.26111111111111107,Average
0.18,2008,72.28,40.15555555555556,0.09999999999999999,Average
0.35,2008,65.21,36.227777777777774,0.19444444444444442,Average
-0.13,2008,53.98,29.988888888888887,-0.07222222222222223,Average
2.23,2008,43.92,24.4,1.238888888888889,Average
-0.81,2008,31.87,17.705555555555556,-0.45,Average
0.93,2009,31.05,17.25,0.5166666666666667,Average
2.95,2009,36.77,20.42777777777778,1.6388888888888888,Average
1.37,2009,42.87,23.816666666666666,0.7611111111111112,Average
-0.13,2009,50.92,28.288888888888888,-0.07222222222222223,Average
1.45,2009,61.65,34.25,0.8055555555555555,Average
0.05,2009,68.54,38.07777777777778,0.02777777777777778,Average
-0.98,2009,72.63,40.349999999999994,-0.5444444444444444,Average
-0.21,2009,71.89,39.93888888888889,-0.11666666666666665,Average
1.52,2009,66.38,36.87777777777777,0.8444444444444444,Average
-3.61,2009,50.5,28.055555555555554,-2.0055555555555555,Average
4.15,2009,45.84,25.46666666666667,2.305555555555556,Average
-3.04,2009,29.64,16.466666666666665,-1.6888888888888889,Average
0.55,2010,30.67,17.038888888888888,0.3055555555555556,Average
-2.02,2010,31.8,17.666666666666668,-1.1222222222222222,Average
2.07,2010,43.57,24.205555555555556,1.15,Average
2.19,2010,53.24,29.57777777777778,1.2166666666666666,Average
-0.32,2010,59.88,33.266666666666666,-0.17777777777777778,Average
1.99,2010,70.48,39.15555555555556,1.1055555555555556,Average
1.1,2010,74.71,41.50555555555555,0.6111111111111112,Average
1.95,2010,74.05,41.138888888888886,1.0833333333333333,Average
1.63,2010,66.49,36.93888888888888,0.9055555555555554,Average
2.03,2010,56.14,31.18888888888889,1.1277777777777775,Average
0.62,2010,42.31,23.505555555555556,0.34444444444444444,Average
-0.21,2010,32.47,18.038888888888888,-0.11666666666666665,Average
-0.41,2011,29.71,16.505555555555556,-0.22777777777777775,Average
-0.78,2011,33.04,18.355555555555554,-0.43333333333333335,Average
1.57,2011,43.07,23.927777777777777,0.8722222222222222,Average
0.91,2011,51.96,28.866666666666667,0.5055555555555555,Average
-1.07,2011,59.13,32.85,-0.5944444444444444,Average
1.33,2011,69.82,38.788888888888884,0.7388888888888889,Average
2.53,2011,76.14,42.3,1.4055555555555554,Average
2.9,2011,75,41.666666666666664,1.611111111111111,Average
1.23,2011,66.09,36.71666666666667,0.6833333333333333,Average
0.98,2011,55.09,30.605555555555558,0.5444444444444444,Average
2.06,2011,43.75,24.305555555555554,1.1444444444444444,Average
2.72,2011,35.4,19.666666666666664,1.511111111111111,Average
6,2012,36.12,20.066666666666666,3.333333333333333,Average
3.69,2012,37.51,20.83888888888889,2.05,Average
8.91,2012,50.41,28.005555555555553,4.95,Average
3.63,2012,54.68,30.377777777777776,2.0166666666666666,Average
3.25,2012,63.45,35.25,1.8055555555555556,Average
2.05,2012,70.54,39.18888888888889,1.1388888888888888,Average
3.16,2012,76.77,42.65,1.7555555555555555,Average
1.7,2012,73.8,41,0.9444444444444444,Average
1.45,2012,66.31,36.83888888888889,0.8055555555555555,Average
-0.22,2012,53.89,29.93888888888889,-0.12222222222222222,Average
2.32,2012,44.01,24.45,1.2888888888888888,Average
3.24,2012,35.92,19.955555555555556,1.8,Average
2.13,2013,32.25,17.916666666666668,1.1833333333333333,Average
0.95,2013,34.77,19.316666666666666,0.5277777777777778,Average
-0.59,2013,40.91,22.727777777777774,-0.3277777777777778,Average
-1.37,2013,49.68,27.599999999999998,-0.7611111111111112,Average
0.65,2013,60.85,33.80555555555556,0.3611111111111111,Average
1.9,2013,70.39,39.105555555555554,1.0555555555555556,Average
0.6,2013,74.21,41.227777777777774,0.3333333333333333,Average
0.89,2013,72.99,40.55,0.49444444444444446,Average
2.1,2013,66.96,37.199999999999996,1.1666666666666667,Average
-0.67,2013,53.44,29.688888888888886,-0.37222222222222223,Average
-0.08,2013,41.61,23.116666666666667,-0.044444444444444446,Average
-1.62,2013,31.06,17.255555555555553,-0.9,Average
0.44,2014,30.56,16.977777777777778,0.24444444444444444,Average
-1.69,2014,32.13,17.85,-0.9388888888888889,Average
-0.99,2014,40.51,22.505555555555553,-0.5499999999999999,Average
0.64,2014,51.69,28.716666666666665,0.35555555555555557,Average
1.07,2014,61.27,34.03888888888889,0.5944444444444444,Average
1.09,2014,69.58,38.65555555555555,0.6055555555555556,Average
-0.32,2014,73.29,40.71666666666667,-0.17777777777777778,Average
0.15,2014,72.25,40.138888888888886,0.08333333333333333,Average
1.34,2014,66.2,36.77777777777778,0.7444444444444445,Average
2.82,2014,56.93,31.627777777777776,1.5666666666666664,Average
-2.44,2014,39.25,21.805555555555554,-1.3555555555555554,Average
4.13,2014,36.81,20.45,2.2944444444444443,Average
2.96,2015,33.08,18.377777777777776,1.6444444444444444,Average
-0.83,2015,32.99,18.32777777777778,-0.4611111111111111,Average
3.89,2015,45.39,25.216666666666665,2.161111111111111,Average
2.19,2015,53.24,29.57777777777778,1.2166666666666666,Average
0.64,2015,60.84,33.800000000000004,0.35555555555555557,Average
2.88,2015,71.37,39.65,1.5999999999999999,Average
0.31,2015,73.92,41.06666666666667,0.17222222222222222,Average
0.85,2015,72.95,40.52777777777778,0.4722222222222222,Average
3.68,2015,68.54,38.07777777777778,2.0444444444444443,Average
3.13,2015,57.24,31.8,1.7388888888888887,Average
2.91,2015,44.6,24.77777777777778,1.6166666666666667,Average
5.98,2015,38.66,21.477777777777774,3.3222222222222224,Average
2.1,2016,32.22,17.9,1.1666666666666667,Average
5.65,2016,39.47,21.927777777777777,3.138888888888889,Average
6,2016,47.5,26.38888888888889,3.333333333333333,Average
2.14,2016,53.19,29.549999999999997,1.1888888888888889,Average
0.13,2016,60.33,33.516666666666666,0.07222222222222223,Average
3.27,2016,71.76,39.86666666666667,1.8166666666666667,Average
1.61,2016,75.22,41.788888888888884,0.8944444444444445,Average
1.43,2016,73.53,40.85,0.7944444444444444,Average
2.26,2016,67.12,37.28888888888889,1.2555555555555553,Average
3.61,2016,57.72,32.06666666666666,2.0055555555555555,Average
6.28,2016,47.97,26.65,3.488888888888889,Average
0.27,2016,32.95,18.305555555555557,0.15,Average
3.45,2017,33.57,18.65,1.9166666666666667,Average
7.36,2017,41.18,22.877777777777776,4.088888888888889,Average
4.65,2017,46.15,25.638888888888886,2.5833333333333335,Average
2.75,2017,53.8,29.888888888888886,1.5277777777777777,Average
0.37,2017,60.57,33.65,0.20555555555555555,Average
1.87,2017,70.36,39.08888888888889,1.038888888888889,Average
2.09,2017,75.7,42.05555555555556,1.161111111111111,Average
-0.09,2017,72.01,40.00555555555556,-0.049999999999999996,Average
1.41,2017,66.27,36.81666666666666,0.7833333333333332,Average
1.58,2017,55.69,30.938888888888886,0.8777777777777778,Average
3.34,2017,45.03,25.016666666666666,1.8555555555555554,Average
1.61,2017,34.29,19.05,0.8944444444444445,Average
2.04,2018,32.16,17.866666666666664,1.1333333333333333,Average
1.69,2018,35.51,19.727777777777778,0.9388888888888889,Average
1.23,2018,42.73,23.738888888888887,0.6833333333333333,Average
-2.02,2018,49.03,27.238888888888887,-1.1222222222222222,Average
5.32,2018,65.52,36.4,2.9555555555555557,Average
3.06,2018,71.55,39.75,1.7,Average
1.84,2018,75.45,41.916666666666664,1.0222222222222221,Average
1.41,2018,73.51,40.83888888888889,0.7833333333333332,Average
2.67,2018,67.53,37.516666666666666,1.4833333333333332,Average
-0.4,2018,53.71,29.83888888888889,-0.22222222222222224,Average
-1.68,2018,40.01,22.227777777777778,-0.9333333333333332,Average
2.83,2018,35.51,19.727777777777778,1.5722222222222222,Average
2.44,2019,32.56,18.08888888888889,1.3555555555555554,Average
-1.98,2019,31.84,17.68888888888889,-1.0999999999999999,Average
-1.2,2019,40.3,22.388888888888886,-0.6666666666666666,Average
1.79,2019,52.84,29.355555555555558,0.9944444444444445,Average
-0.71,2019,59.49,33.05,-0.39444444444444443,Average
0.23,2019,68.72,38.17777777777778,0.12777777777777777,Average
1.01,2019,74.62,41.455555555555556,0.5611111111111111,Average
1.64,2019,73.74,40.96666666666666,0.911111111111111,Average
3.57,2019,68.43,38.01666666666667,1.9833333333333332,Average
-2.06,2019,52.05,28.916666666666664,-1.1444444444444444,Average
-0.58,2019,41.11,22.83888888888889,-0.3222222222222222,Average
3.75,2019,36.43,20.238888888888887,2.0833333333333335,Average
5.39,2020,35.51,19.727777777777778,2.994444444444444,Average
2.32,2020,36.14,20.07777777777778,1.2888888888888888,Average
4.56,2020,46.06,25.58888888888889,2.533333333333333,Average
-0.2,2020,50.85,28.25,-0.11111111111111112,Average
0.67,2020,60.87,33.81666666666666,0.37222222222222223,Average
1.8,2020,70.29,39.050000000000004,1,Average
2.04,2020,75.65,42.02777777777778,1.1333333333333333,Average
2.6,2020,74.7,41.5,1.4444444444444444,Average
1.11,2020,65.97,36.65,0.6166666666666667,Average
0.25,2020,54.36,30.2,0.1388888888888889,Average
